           ï»¿nama_variabel;nama_variabel_turunan;nama_tahun;nama_turunan_tahun;data_content;nama_item_vertical_variabel
"Populasi Sapi Potong menurut Provinsi";"Tidak Ada";2022;Tahun;481605;ACEH
"Populasi Sapi Potong menurut Provinsi";"Tidak Ada";2022;Tahun;967611;"SUMATERA UTARA"
"Populasi Sapi Potong menurut Provinsi";"Tidak Ada";2022;Tahun;432347;"SUMATERA BARAT"
"Populasi Sapi Potong menurut Provinsi";"Tidak Ada";2022;Tahun;213793;RIAU
"Populasi Sapi Potong menurut Provinsi";"Tidak Ada";2022;Tahun;162002;JAMBI
"Populasi Sapi Potong menurut Provinsi";"Tidak Ada";2022;Tahun;317125;"SUMATERA SELATAN"
"Populasi Sapi Potong menurut Provinsi";"Tidak Ada";2022;Tahun;161390;BENGKULU
"Populasi Sapi Potong menurut Provinsi";"Tidak Ada";2022;Tahun;906568;LAMPUNG
"Populasi Sapi Potong menurut Provinsi";"Tidak Ada";2022;Tahun;20086;"KEP. BANGKA BELITUNG"
"Populasi Sapi Potong menurut Provinsi";"Tidak Ada";2022;Tahun;29156;"KEP. RIAU"
"Populasi Sapi Potong menurut Provinsi";"Tidak Ada";2022;Tahun;1751;"DKI JAKARTA"
"Populasi Sapi Potong menurut Provinsi";"Tidak Ada";2022;Tahun;424459;"JAWA BARAT"
"Populasi Sapi Potong menurut Provinsi";"Tidak Ada";2022;Tahun;1910864;"JAWA TENGAH"
"Populasi Sapi Potong menurut Provinsi";"Tidak Ada";2022;Tahun;319060;"DI YOGYAKARTA"
"Populasi Sapi Potong menurut Provinsi";"Tidak Ada";2022;Tahun;5070240;"JAWA TIMUR"
"Populasi Sapi Potong menurut Provinsi";"Tidak Ada";2022;Tahun;21744;BANTEN
"Populasi Sapi Potong menurut Provinsi";"Tidak Ada";2022;Tahun;575218;BALI
"Populasi Sapi Potong menurut Provinsi";"Tidak Ada";2022;Tahun;1474516;"NUSA TENGGARA BARAT"
"Populasi Sapi Potong menurut Provinsi";"Tidak Ada";2022;Tahun;1243884;"NUSA TENGGARA TIMUR"
"Populasi Sapi Potong menurut Provinsi";"Tidak Ada";2022;Tahun;158938;"KALIMANTAN BARAT"
"Populasi Sapi Potong menurut Provinsi";"Tidak Ada";2022;Tahun;87883;"KALIMANTAN TENGAH"
"Populasi Sapi Potong menurut Provinsi";"Tidak Ada";2022;Tahun;173977;"KALIMANTAN SELATAN"
"Populasi Sapi Potong menurut Provinsi";"Tidak Ada";2022;Tahun;124930;"KALIMANTAN TIMUR"
"Populasi Sapi Potong menurut Provinsi";"Tidak Ada";2022;Tahun;22900;"KALIMANTAN UTARA"
"Populasi Sapi Potong menurut Provinsi";"Tidak Ada";2022;Tahun;132925;"SULAWESI UTARA"
"Populasi Sapi Potong menurut Provinsi";"Tidak Ada";2022;Tahun;458057;"SULAWESI TENGAH"
"Populasi Sapi Potong menurut Provinsi";"Tidak Ada";2022;Tahun;1483709;"SULAWESI SELATAN"
"Populasi Sapi Potong menurut Provinsi";"Tidak Ada";2022;Tahun;421454;"SULAWESI TENGGARA"
"Populasi Sapi Potong menurut Provinsi";"Tidak Ada";2022;Tahun;263023;GORONTALO
"Populasi Sapi Potong menurut Provinsi";"Tidak Ada";2022;Tahun;119207;"SULAWESI BARAT"
"Populasi Sapi Potong menurut Provinsi";"Tidak Ada";2022;Tahun;120171;MALUKU
"Populasi Sapi Potong menurut Provinsi";"Tidak Ada";2022;Tahun;116664;"MALUKU UTARA"
"Populasi Sapi Potong menurut Provinsi";"Tidak Ada";2022;Tahun;67790;"PAPUA BARAT"
"Populasi Sapi Potong menurut Provinsi";"Tidak Ada";2022;Tahun;125101;PAPUA
"Populasi Sapi Potong menurut Provinsi";"Tidak Ada";2022;Tahun;18610148;INDONESIA
"Populasi Sapi Potong menurut Provinsi";"Tidak Ada";2021;Tahun;455177;ACEH
"Populasi Sapi Potong menurut Provinsi";"Tidak Ada";2021;Tahun;935888;"SUMATERA UTARA"
"Populasi Sapi Potong menurut Provinsi";"Tidak Ada";2021;Tahun;424631;"SUMATERA BARAT"
"Populasi Sapi Potong menurut Provinsi";"Tidak Ada";2021;Tahun;209601;RIAU
"Populasi Sapi Potong menurut Provinsi";"Tidak Ada";2021;Tahun;161100;JAMBI
"Populasi Sapi Potong menurut Provinsi";"Tidak Ada";2021;Tahun;310654;"SUMATERA SELATAN"
"Populasi Sapi Potong menurut Provinsi";"Tidak Ada";2021;Tahun;153939;BENGKULU
"Populasi Sapi Potong menurut Provinsi";"Tidak Ada";2021;Tahun;904076;LAMPUNG
"Populasi Sapi Potong menurut Provinsi";"Tidak Ada";2021;Tahun;17920;"KEP. BANGKA BELITUNG"
"Populasi Sapi Potong menurut Provinsi";"Tidak Ada";2021;Tahun;28558;"KEP. RIAU"
"Populasi Sapi Potong menurut Provinsi";"Tidak Ada";2021;Tahun;1723;"DKI JAKARTA"
"Populasi Sapi Potong menurut Provinsi";"Tidak Ada";2021;Tahun;415141;"JAWA BARAT"
"Populasi Sapi Potong menurut Provinsi";"Tidak Ada";2021;Tahun;1874051;"JAWA TENGAH"
"Populasi Sapi Potong menurut Provinsi";"Tidak Ada";2021;Tahun;323308;"DI YOGYAKARTA"
"Populasi Sapi Potong menurut Provinsi";"Tidak Ada";2021;Tahun;4928987;"JAWA TIMUR"
"Populasi Sapi Potong menurut Provinsi";"Tidak Ada";2021;Tahun;37884;BANTEN
"Populasi Sapi Potong menurut Provinsi";"Tidak Ada";2021;Tahun;558463;BALI
"Populasi Sapi Potong menurut Provinsi";"Tidak Ada";2021;Tahun;1320551;"NUSA TENGGARA BARAT"
"Populasi Sapi Potong menurut Provinsi";"Tidak Ada";2021;Tahun;1173473;"NUSA TENGGARA TIMUR"
"Populasi Sapi Potong menurut Provinsi";"Tidak Ada";2021;Tahun;156578;"KALIMANTAN BARAT"
"Populasi Sapi Potong menurut Provinsi";"Tidak Ada";2021;Tahun;84504;"KALIMANTAN TENGAH"
"Populasi Sapi Potong menurut Provinsi";"Tidak Ada";2021;Tahun;165329;"KALIMANTAN SELATAN"
"Populasi Sapi Potong menurut Provinsi";"Tidak Ada";2021;Tahun;121290;"KALIMANTAN TIMUR"
"Populasi Sapi Potong menurut Provinsi";"Tidak Ada";2021;Tahun;22396;"KALIMANTAN UTARA"
"Populasi Sapi Potong menurut Provinsi";"Tidak Ada";2021;Tahun;130194;"SULAWESI UTARA"
"Populasi Sapi Potong menurut Provinsi";"Tidak Ada";2021;Tahun;431339;"SULAWESI TENGAH"
"Populasi Sapi Potong menurut Provinsi";"Tidak Ada";2021;Tahun;1443297;"SULAWESI SELATAN"
"Populasi Sapi Potong menurut Provinsi";"Tidak Ada";2021;Tahun;392479;"SULAWESI TENGGARA"
"Populasi Sapi Potong menurut Provinsi";"Tidak Ada";2021;Tahun;261084;GORONTALO
"Populasi Sapi Potong menurut Provinsi";"Tidak Ada";2021;Tahun;115090;"SULAWESI BARAT"
"Populasi Sapi Potong menurut Provinsi";"Tidak Ada";2021;Tahun;117407;MALUKU
"Populasi Sapi Potong menurut Provinsi";"Tidak Ada";2021;Tahun;113573;"MALUKU UTARA"
"Populasi Sapi Potong menurut Provinsi";"Tidak Ada";2021;Tahun;66319;"PAPUA BARAT"
"Populasi Sapi Potong menurut Provinsi";"Tidak Ada";2021;Tahun;121210;PAPUA
"Populasi Sapi Potong menurut Provinsi";"Tidak Ada";2021;Tahun;17977214;INDONESIA
"Populasi Sapi Potong menurut Provinsi";"Tidak Ada";2020;Tahun;435376;ACEH
"Populasi Sapi Potong menurut Provinsi";"Tidak Ada";2020;Tahun;899571;"SUMATERA UTARA"
"Populasi Sapi Potong menurut Provinsi";"Tidak Ada";2020;Tahun;415454;"SUMATERA BARAT"
"Populasi Sapi Potong menurut Provinsi";"Tidak Ada";2020;Tahun;204433;RIAU
"Populasi Sapi Potong menurut Provinsi";"Tidak Ada";2020;Tahun;158824;JAMBI
"Populasi Sapi Potong menurut Provinsi";"Tidak Ada";2020;Tahun;301436;"SUMATERA SELATAN"
"Populasi Sapi Potong menurut Provinsi";"Tidak Ada";2020;Tahun;154405;BENGKULU
"Populasi Sapi Potong menurut Provinsi";"Tidak Ada";2020;Tahun;808424;LAMPUNG
"Populasi Sapi Potong menurut Provinsi";"Tidak Ada";2020;Tahun;15761;"KEP. BANGKA BELITUNG"
"Populasi Sapi Potong menurut Provinsi";"Tidak Ada";2020;Tahun;27858;"KEP. RIAU"
"Populasi Sapi Potong menurut Provinsi";"Tidak Ada";2020;Tahun;1721;"DKI JAKARTA"
"Populasi Sapi Potong menurut Provinsi";"Tidak Ada";2020;Tahun;392590;"JAWA BARAT"
"Populasi Sapi Potong menurut Provinsi";"Tidak Ada";2020;Tahun;1835717;"JAWA TENGAH"
"Populasi Sapi Potong menurut Provinsi";"Tidak Ada";2020;Tahun;309259;"DI YOGYAKARTA"
"Populasi Sapi Potong menurut Provinsi";"Tidak Ada";2020;Tahun;4823970;"JAWA TIMUR"
"Populasi Sapi Potong menurut Provinsi";"Tidak Ada";2020;Tahun;41899;BANTEN
"Populasi Sapi Potong menurut Provinsi";"Tidak Ada";2020;Tahun;550350;BALI
"Populasi Sapi Potong menurut Provinsi";"Tidak Ada";2020;Tahun;1285746;"NUSA TENGGARA BARAT"
"Populasi Sapi Potong menurut Provinsi";"Tidak Ada";2020;Tahun;1176317;"NUSA TENGGARA TIMUR"
"Populasi Sapi Potong menurut Provinsi";"Tidak Ada";2020;Tahun;158190;"KALIMANTAN BARAT"
"Populasi Sapi Potong menurut Provinsi";"Tidak Ada";2020;Tahun;87135;"KALIMANTAN TENGAH"
"Populasi Sapi Potong menurut Provinsi";"Tidak Ada";2020;Tahun;148026;"KALIMANTAN SELATAN"
"Populasi Sapi Potong menurut Provinsi";"Tidak Ada";2020;Tahun;119974;"KALIMANTAN TIMUR"
"Populasi Sapi Potong menurut Provinsi";"Tidak Ada";2020;Tahun;22375;"KALIMANTAN UTARA"
"Populasi Sapi Potong menurut Provinsi";"Tidak Ada";2020;Tahun;128115;"SULAWESI UTARA"
"Populasi Sapi Potong menurut Provinsi";"Tidak Ada";2020;Tahun;402191;"SULAWESI TENGAH"
"Populasi Sapi Potong menurut Provinsi";"Tidak Ada";2020;Tahun;1405246;"SULAWESI SELATAN"
"Populasi Sapi Potong menurut Provinsi";"Tidak Ada";2020;Tahun;361568;"SULAWESI TENGGARA"
"Populasi Sapi Potong menurut Provinsi";"Tidak Ada";2020;Tahun;254983;GORONTALO
"Populasi Sapi Potong menurut Provinsi";"Tidak Ada";2020;Tahun;113380;"SULAWESI BARAT"
"Populasi Sapi Potong menurut Provinsi";"Tidak Ada";2020;Tahun;110781;MALUKU
"Populasi Sapi Potong menurut Provinsi";"Tidak Ada";2020;Tahun;110805;"MALUKU UTARA"
"Populasi Sapi Potong menurut Provinsi";"Tidak Ada";2020;Tahun;61415;"PAPUA BARAT"
"Populasi Sapi Potong menurut Provinsi";"Tidak Ada";2020;Tahun;117098;PAPUA
"Populasi Sapi Potong menurut Provinsi";"Tidak Ada";2020;Tahun;17440393;INDONESIA
"Populasi Sapi Potong menurut Provinsi";"Tidak Ada";2019;Tahun;403031;ACEH
"Populasi Sapi Potong menurut Provinsi";"Tidak Ada";2019;Tahun;872411;"SUMATERA UTARA"
"Populasi Sapi Potong menurut Provinsi";"Tidak Ada";2019;Tahun;408851;"SUMATERA BARAT"
"Populasi Sapi Potong menurut Provinsi";"Tidak Ada";2019;Tahun;198296;RIAU
"Populasi Sapi Potong menurut Provinsi";"Tidak Ada";2019;Tahun;159470;JAMBI
"Populasi Sapi Potong menurut Provinsi";"Tidak Ada";2019;Tahun;291666;"SUMATERA SELATAN"
"Populasi Sapi Potong menurut Provinsi";"Tidak Ada";2019;Tahun;151750;BENGKULU
"Populasi Sapi Potong menurut Provinsi";"Tidak Ada";2019;Tahun;850555;LAMPUNG
"Populasi Sapi Potong menurut Provinsi";"Tidak Ada";2019;Tahun;14743;"KEP. BANGKA BELITUNG"
"Populasi Sapi Potong menurut Provinsi";"Tidak Ada";2019;Tahun;26270;"KEP. RIAU"
"Populasi Sapi Potong menurut Provinsi";"Tidak Ada";2019;Tahun;2396;"DKI JAKARTA"
"Populasi Sapi Potong menurut Provinsi";"Tidak Ada";2019;Tahun;406805;"JAWA BARAT"
"Populasi Sapi Potong menurut Provinsi";"Tidak Ada";2019;Tahun;1786932;"JAWA TENGAH"
"Populasi Sapi Potong menurut Provinsi";"Tidak Ada";2019;Tahun;304423;"DI YOGYAKARTA"
"Populasi Sapi Potong menurut Provinsi";"Tidak Ada";2019;Tahun;4705067;"JAWA TIMUR"
"Populasi Sapi Potong menurut Provinsi";"Tidak Ada";2019;Tahun;48806;BANTEN
"Populasi Sapi Potong menurut Provinsi";"Tidak Ada";2019;Tahun;544955;BALI
"Populasi Sapi Potong menurut Provinsi";"Tidak Ada";2019;Tahun;1234640;"NUSA TENGGARA BARAT"
"Populasi Sapi Potong menurut Provinsi";"Tidak Ada";2019;Tahun;1087761;"NUSA TENGGARA TIMUR"
"Populasi Sapi Potong menurut Provinsi";"Tidak Ada";2019;Tahun;154382;"KALIMANTAN BARAT"
"Populasi Sapi Potong menurut Provinsi";"Tidak Ada";2019;Tahun;86966;"KALIMANTAN TENGAH"
"Populasi Sapi Potong menurut Provinsi";"Tidak Ada";2019;Tahun;128720;"KALIMANTAN SELATAN"
"Populasi Sapi Potong menurut Provinsi";"Tidak Ada";2019;Tahun;119485;"KALIMANTAN TIMUR"
"Populasi Sapi Potong menurut Provinsi";"Tidak Ada";2019;Tahun;22776;"KALIMANTAN UTARA"
"Populasi Sapi Potong menurut Provinsi";"Tidak Ada";2019;Tahun;121035;"SULAWESI UTARA"
"Populasi Sapi Potong menurut Provinsi";"Tidak Ada";2019;Tahun;369224;"SULAWESI TENGAH"
"Populasi Sapi Potong menurut Provinsi";"Tidak Ada";2019;Tahun;1369890;"SULAWESI SELATAN"
"Populasi Sapi Potong menurut Provinsi";"Tidak Ada";2019;Tahun;330594;"SULAWESI TENGGARA"
"Populasi Sapi Potong menurut Provinsi";"Tidak Ada";2019;Tahun;246994;GORONTALO
"Populasi Sapi Potong menurut Provinsi";"Tidak Ada";2019;Tahun;109510;"SULAWESI BARAT"
"Populasi Sapi Potong menurut Provinsi";"Tidak Ada";2019;Tahun;107231;MALUKU
"Populasi Sapi Potong menurut Provinsi";"Tidak Ada";2019;Tahun;101860;"MALUKU UTARA"
"Populasi Sapi Potong menurut Provinsi";"Tidak Ada";2019;Tahun;55497;"PAPUA BARAT"
"Populasi Sapi Potong menurut Provinsi";"Tidak Ada";2019;Tahun;107033;PAPUA
"Populasi Sapi Potong menurut Provinsi";"Tidak Ada";2019;Tahun;16930025;INDONESIA
"Populasi Sapi Potong menurut Provinsi";"Tidak Ada";2018;Tahun;354741;ACEH
"Populasi Sapi Potong menurut Provinsi";"Tidak Ada";2018;Tahun;982963;"SUMATERA UTARA"
"Populasi Sapi Potong menurut Provinsi";"Tidak Ada";2018;Tahun;401094;"SUMATERA BARAT"
"Populasi Sapi Potong menurut Provinsi";"Tidak Ada";2018;Tahun;163047;RIAU
"Populasi Sapi Potong menurut Provinsi";"Tidak Ada";2018;Tahun;159187;JAMBI
"Populasi Sapi Potong menurut Provinsi";"Tidak Ada";2018;Tahun;294714;"SUMATERA SELATAN"
"Populasi Sapi Potong menurut Provinsi";"Tidak Ada";2018;Tahun;157923;BENGKULU
"Populasi Sapi Potong menurut Provinsi";"Tidak Ada";2018;Tahun;827217;LAMPUNG
"Populasi Sapi Potong menurut Provinsi";"Tidak Ada";2018;Tahun;13760;"KEP. BANGKA BELITUNG"
"Populasi Sapi Potong menurut Provinsi";"Tidak Ada";2018;Tahun;25464;"KEP. RIAU"
"Populasi Sapi Potong menurut Provinsi";"Tidak Ada";2018;Tahun;1840;"DKI JAKARTA"
"Populasi Sapi Potong menurut Provinsi";"Tidak Ada";2018;Tahun;405803;"JAWA BARAT"
"Populasi Sapi Potong menurut Provinsi";"Tidak Ada";2018;Tahun;1751799;"JAWA TENGAH"
"Populasi Sapi Potong menurut Provinsi";"Tidak Ada";2018;Tahun;313425;"DI YOGYAKARTA"
"Populasi Sapi Potong menurut Provinsi";"Tidak Ada";2018;Tahun;4637970;"JAWA TIMUR"
"Populasi Sapi Potong menurut Provinsi";"Tidak Ada";2018;Tahun;45292;BANTEN
"Populasi Sapi Potong menurut Provinsi";"Tidak Ada";2018;Tahun;560546;BALI
"Populasi Sapi Potong menurut Provinsi";"Tidak Ada";2018;Tahun;1183570;"NUSA TENGGARA BARAT"
"Populasi Sapi Potong menurut Provinsi";"Tidak Ada";2018;Tahun;1027286;"NUSA TENGGARA TIMUR"
"Populasi Sapi Potong menurut Provinsi";"Tidak Ada";2018;Tahun;143307;"KALIMANTAN BARAT"
"Populasi Sapi Potong menurut Provinsi";"Tidak Ada";2018;Tahun;67829;"KALIMANTAN TENGAH"
"Populasi Sapi Potong menurut Provinsi";"Tidak Ada";2018;Tahun;113094;"KALIMANTAN SELATAN"
"Populasi Sapi Potong menurut Provinsi";"Tidak Ada";2018;Tahun;117504;"KALIMANTAN TIMUR"
"Populasi Sapi Potong menurut Provinsi";"Tidak Ada";2018;Tahun;21968;"KALIMANTAN UTARA"
"Populasi Sapi Potong menurut Provinsi";"Tidak Ada";2018;Tahun;111576;"SULAWESI UTARA"
"Populasi Sapi Potong menurut Provinsi";"Tidak Ada";2018;Tahun;343630;"SULAWESI TENGAH"
"Populasi Sapi Potong menurut Provinsi";"Tidak Ada";2018;Tahun;1310194;"SULAWESI SELATAN"
"Populasi Sapi Potong menurut Provinsi";"Tidak Ada";2018;Tahun;298692;"SULAWESI TENGGARA"
"Populasi Sapi Potong menurut Provinsi";"Tidak Ada";2018;Tahun;230435;GORONTALO
"Populasi Sapi Potong menurut Provinsi";"Tidak Ada";2018;Tahun;95287;"SULAWESI BARAT"
"Populasi Sapi Potong menurut Provinsi";"Tidak Ada";2018;Tahun;80034;MALUKU
"Populasi Sapi Potong menurut Provinsi";"Tidak Ada";2018;Tahun;58454;"MALUKU UTARA"
"Populasi Sapi Potong menurut Provinsi";"Tidak Ada";2018;Tahun;50991;"PAPUA BARAT"
"Populasi Sapi Potong menurut Provinsi";"Tidak Ada";2018;Tahun;82309;PAPUA
"Populasi Sapi Potong menurut Provinsi";"Tidak Ada";2018;Tahun;16432945;INDONESIA
"Populasi Sapi Potong menurut Provinsi";"Tidak Ada";2017;Tahun;627698;ACEH
"Populasi Sapi Potong menurut Provinsi";"Tidak Ada";2017;Tahun;712106;"SUMATERA UTARA"
"Populasi Sapi Potong menurut Provinsi";"Tidak Ada";2017;Tahun;393481;"SUMATERA BARAT"
"Populasi Sapi Potong menurut Provinsi";"Tidak Ada";2017;Tahun;238190;RIAU
"Populasi Sapi Potong menurut Provinsi";"Tidak Ada";2017;Tahun;159546;JAMBI
"Populasi Sapi Potong menurut Provinsi";"Tidak Ada";2017;Tahun;277085;"SUMATERA SELATAN"
"Populasi Sapi Potong menurut Provinsi";"Tidak Ada";2017;Tahun;125483;BENGKULU
"Populasi Sapi Potong menurut Provinsi";"Tidak Ada";2017;Tahun;674928;LAMPUNG
"Populasi Sapi Potong menurut Provinsi";"Tidak Ada";2017;Tahun;12644;"KEP. BANGKA BELITUNG"
"Populasi Sapi Potong menurut Provinsi";"Tidak Ada";2017;Tahun;19270;"KEP. RIAU"
"Populasi Sapi Potong menurut Provinsi";"Tidak Ada";2017;Tahun;1730;"DKI JAKARTA"
"Populasi Sapi Potong menurut Provinsi";"Tidak Ada";2017;Tahun;405334;"JAWA BARAT"
"Populasi Sapi Potong menurut Provinsi";"Tidak Ada";2017;Tahun;1710769;"JAWA TENGAH"
"Populasi Sapi Potong menurut Provinsi";"Tidak Ada";2017;Tahun;309960;"DI YOGYAKARTA"
"Populasi Sapi Potong menurut Provinsi";"Tidak Ada";2017;Tahun;4511613;"JAWA TIMUR"
"Populasi Sapi Potong menurut Provinsi";"Tidak Ada";2017;Tahun;56658;BANTEN
"Populasi Sapi Potong menurut Provinsi";"Tidak Ada";2017;Tahun;507794;BALI
"Populasi Sapi Potong menurut Provinsi";"Tidak Ada";2017;Tahun;1149539;"NUSA TENGGARA BARAT"
"Populasi Sapi Potong menurut Provinsi";"Tidak Ada";2017;Tahun;1007608;"NUSA TENGGARA TIMUR"
"Populasi Sapi Potong menurut Provinsi";"Tidak Ada";2017;Tahun;167314;"KALIMANTAN BARAT"
"Populasi Sapi Potong menurut Provinsi";"Tidak Ada";2017;Tahun;81993;"KALIMANTAN TENGAH"
"Populasi Sapi Potong menurut Provinsi";"Tidak Ada";2017;Tahun;164219;"KALIMANTAN SELATAN"
"Populasi Sapi Potong menurut Provinsi";"Tidak Ada";2017;Tahun;119123;"KALIMANTAN TIMUR"
"Populasi Sapi Potong menurut Provinsi";"Tidak Ada";2017;Tahun;22229;"KALIMANTAN UTARA"
"Populasi Sapi Potong menurut Provinsi";"Tidak Ada";2017;Tahun;133115;"SULAWESI UTARA"
"Populasi Sapi Potong menurut Provinsi";"Tidak Ada";2017;Tahun;353486;"SULAWESI TENGAH"
"Populasi Sapi Potong menurut Provinsi";"Tidak Ada";2017;Tahun;1419018;"SULAWESI SELATAN"
"Populasi Sapi Potong menurut Provinsi";"Tidak Ada";2017;Tahun;370772;"SULAWESI TENGGARA"
"Populasi Sapi Potong menurut Provinsi";"Tidak Ada";2017;Tahun;227351;GORONTALO
"Populasi Sapi Potong menurut Provinsi";"Tidak Ada";2017;Tahun;94015;"SULAWESI BARAT"
"Populasi Sapi Potong menurut Provinsi";"Tidak Ada";2017;Tahun;100087;MALUKU
"Populasi Sapi Potong menurut Provinsi";"Tidak Ada";2017;Tahun;89636;"MALUKU UTARA"
"Populasi Sapi Potong menurut Provinsi";"Tidak Ada";2017;Tahun;67706;"PAPUA BARAT"
"Populasi Sapi Potong menurut Provinsi";"Tidak Ada";2017;Tahun;117602;PAPUA
"Populasi Sapi Potong menurut Provinsi";"Tidak Ada";2017;Tahun;16429102;INDONESIA
"Populasi Sapi Potong menurut Provinsi";"Tidak Ada";2016;Tahun;600759;ACEH
"Populasi Sapi Potong menurut Provinsi";"Tidak Ada";2016;Tahun;702170;"SUMATERA UTARA"
"Populasi Sapi Potong menurut Provinsi";"Tidak Ada";2016;Tahun;403048;"SUMATERA BARAT"
"Populasi Sapi Potong menurut Provinsi";"Tidak Ada";2016;Tahun;231860;RIAU
"Populasi Sapi Potong menurut Provinsi";"Tidak Ada";2016;Tahun;153220;JAMBI
"Populasi Sapi Potong menurut Provinsi";"Tidak Ada";2016;Tahun;265182;"SUMATERA SELATAN"
"Populasi Sapi Potong menurut Provinsi";"Tidak Ada";2016;Tahun;127083;BENGKULU
"Populasi Sapi Potong menurut Provinsi";"Tidak Ada";2016;Tahun;665244;LAMPUNG
"Populasi Sapi Potong menurut Provinsi";"Tidak Ada";2016;Tahun;11604;"KEP. BANGKA BELITUNG"
"Populasi Sapi Potong menurut Provinsi";"Tidak Ada";2016;Tahun;18399;"KEP. RIAU"
"Populasi Sapi Potong menurut Provinsi";"Tidak Ada";2016;Tahun;1371;"DKI JAKARTA"
"Populasi Sapi Potong menurut Provinsi";"Tidak Ada";2016;Tahun;413372;"JAWA BARAT"
"Populasi Sapi Potong menurut Provinsi";"Tidak Ada";2016;Tahun;1674573;"JAWA TENGAH"
"Populasi Sapi Potong menurut Provinsi";"Tidak Ada";2016;Tahun;309018;"DI YOGYAKARTA"
"Populasi Sapi Potong menurut Provinsi";"Tidak Ada";2016;Tahun;4407807;"JAWA TIMUR"
"Populasi Sapi Potong menurut Provinsi";"Tidak Ada";2016;Tahun;55366;BANTEN
"Populasi Sapi Potong menurut Provinsi";"Tidak Ada";2016;Tahun;546370;BALI
"Populasi Sapi Potong menurut Provinsi";"Tidak Ada";2016;Tahun;1092719;"NUSA TENGGARA BARAT"
"Populasi Sapi Potong menurut Provinsi";"Tidak Ada";2016;Tahun;984508;"NUSA TENGGARA TIMUR"
"Populasi Sapi Potong menurut Provinsi";"Tidak Ada";2016;Tahun;164113;"KALIMANTAN BARAT"
"Populasi Sapi Potong menurut Provinsi";"Tidak Ada";2016;Tahun;73424;"KALIMANTAN TENGAH"
"Populasi Sapi Potong menurut Provinsi";"Tidak Ada";2016;Tahun;154147;"KALIMANTAN SELATAN"
"Populasi Sapi Potong menurut Provinsi";"Tidak Ada";2016;Tahun;118712;"KALIMANTAN TIMUR"
"Populasi Sapi Potong menurut Provinsi";"Tidak Ada";2016;Tahun;21643;"KALIMANTAN UTARA"
"Populasi Sapi Potong menurut Provinsi";"Tidak Ada";2016;Tahun;129151;"SULAWESI UTARA"
"Populasi Sapi Potong menurut Provinsi";"Tidak Ada";2016;Tahun;320537;"SULAWESI TENGAH"
"Populasi Sapi Potong menurut Provinsi";"Tidak Ada";2016;Tahun;1366665;"SULAWESI SELATAN"
"Populasi Sapi Potong menurut Provinsi";"Tidak Ada";2016;Tahun;331958;"SULAWESI TENGGARA"
"Populasi Sapi Potong menurut Provinsi";"Tidak Ada";2016;Tahun;211954;GORONTALO
"Populasi Sapi Potong menurut Provinsi";"Tidak Ada";2016;Tahun;89034;"SULAWESI BARAT"
"Populasi Sapi Potong menurut Provinsi";"Tidak Ada";2016;Tahun;94301;MALUKU
"Populasi Sapi Potong menurut Provinsi";"Tidak Ada";2016;Tahun;84513;"MALUKU UTARA"
"Populasi Sapi Potong menurut Provinsi";"Tidak Ada";2016;Tahun;68999;"PAPUA BARAT"
"Populasi Sapi Potong menurut Provinsi";"Tidak Ada";2016;Tahun;111273;PAPUA
"Populasi Sapi Potong menurut Provinsi";"Tidak Ada";2016;Tahun;16004097;INDONESIA
"Populasi Sapi Potong menurut Provinsi";"Tidak Ada";2015;Tahun;580287;ACEH
"Populasi Sapi Potong menurut Provinsi";"Tidak Ada";2015;Tahun;662234;"SUMATERA UTARA"
"Populasi Sapi Potong menurut Provinsi";"Tidak Ada";2015;Tahun;397547.612225;"SUMATERA BARAT"
"Populasi Sapi Potong menurut Provinsi";"Tidak Ada";2015;Tahun;229634;RIAU
"Populasi Sapi Potong menurut Provinsi";"Tidak Ada";2015;Tahun;145759.6428;JAMBI
"Populasi Sapi Potong menurut Provinsi";"Tidak Ada";2015;Tahun;261852;"SUMATERA SELATAN"
"Populasi Sapi Potong menurut Provinsi";"Tidak Ada";2015;Tahun;115739;BENGKULU
"Populasi Sapi Potong menurut Provinsi";"Tidak Ada";2015;Tahun;653537;LAMPUNG
"Populasi Sapi Potong menurut Provinsi";"Tidak Ada";2015;Tahun;10577;"KEP. BANGKA BELITUNG"
"Populasi Sapi Potong menurut Provinsi";"Tidak Ada";2015;Tahun;17967;"KEP. RIAU"
"Populasi Sapi Potong menurut Provinsi";"Tidak Ada";2015;Tahun;893;"DKI JAKARTA"
"Populasi Sapi Potong menurut Provinsi";"Tidak Ada";2015;Tahun;425826;"JAWA BARAT"
"Populasi Sapi Potong menurut Provinsi";"Tidak Ada";2015;Tahun;1642577.5577108;"JAWA TENGAH"
"Populasi Sapi Potong menurut Provinsi";"Tidak Ada";2015;Tahun;306691;"DI YOGYAKARTA"
"Populasi Sapi Potong menurut Provinsi";"Tidak Ada";2015;Tahun;4267325;"JAWA TIMUR"
"Populasi Sapi Potong menurut Provinsi";"Tidak Ada";2015;Tahun;55760;BANTEN
"Populasi Sapi Potong menurut Provinsi";"Tidak Ada";2015;Tahun;543642;BALI
"Populasi Sapi Potong menurut Provinsi";"Tidak Ada";2015;Tahun;1055013;"NUSA TENGGARA BARAT"
"Populasi Sapi Potong menurut Provinsi";"Tidak Ada";2015;Tahun;899534;"NUSA TENGGARA TIMUR"
"Populasi Sapi Potong menurut Provinsi";"Tidak Ada";2015;Tahun;160018;"KALIMANTAN BARAT"
"Populasi Sapi Potong menurut Provinsi";"Tidak Ada";2015;Tahun;68531;"KALIMANTAN TENGAH"
"Populasi Sapi Potong menurut Provinsi";"Tidak Ada";2015;Tahun;148296;"KALIMANTAN SELATAN"
"Populasi Sapi Potong menurut Provinsi";"Tidak Ada";2015;Tahun;110097;"KALIMANTAN TIMUR"
"Populasi Sapi Potong menurut Provinsi";"Tidak Ada";2015;Tahun;21018;"KALIMANTAN UTARA"
"Populasi Sapi Potong menurut Provinsi";"Tidak Ada";2015;Tahun;119667;"SULAWESI UTARA"
"Populasi Sapi Potong menurut Provinsi";"Tidak Ada";2015;Tahun;299485;"SULAWESI TENGAH"
"Populasi Sapi Potong menurut Provinsi";"Tidak Ada";2015;Tahun;1289442;"SULAWESI SELATAN"
"Populasi Sapi Potong menurut Provinsi";"Tidak Ada";2015;Tahun;299240;"SULAWESI TENGGARA"
"Populasi Sapi Potong menurut Provinsi";"Tidak Ada";2015;Tahun;199743;GORONTALO
"Populasi Sapi Potong menurut Provinsi";"Tidak Ada";2015;Tahun;86953;"SULAWESI BARAT"
"Populasi Sapi Potong menurut Provinsi";"Tidak Ada";2015;Tahun;95891;MALUKU
"Populasi Sapi Potong menurut Provinsi";"Tidak Ada";2015;Tahun;81343;"MALUKU UTARA"
"Populasi Sapi Potong menurut Provinsi";"Tidak Ada";2015;Tahun;67287;"PAPUA BARAT"
"Populasi Sapi Potong menurut Provinsi";"Tidak Ada";2015;Tahun;100311;PAPUA
"Populasi Sapi Potong menurut Provinsi";"Tidak Ada";2015;Tahun;15419717.812736;INDONESIA
"Populasi Sapi Potong menurut Provinsi";"Tidak Ada";2014;Tahun;511362;ACEH
"Populasi Sapi Potong menurut Provinsi";"Tidak Ada";2014;Tahun;646749;"SUMATERA UTARA"
"Populasi Sapi Potong menurut Provinsi";"Tidak Ada";2014;Tahun;390493;"SUMATERA BARAT"
"Populasi Sapi Potong menurut Provinsi";"Tidak Ada";2014;Tahun;217652;RIAU
"Populasi Sapi Potong menurut Provinsi";"Tidak Ada";2014;Tahun;136638;JAMBI
"Populasi Sapi Potong menurut Provinsi";"Tidak Ada";2014;Tahun;245175;"SUMATERA SELATAN"
"Populasi Sapi Potong menurut Provinsi";"Tidak Ada";2014;Tahun;109174;BENGKULU
"Populasi Sapi Potong menurut Provinsi";"Tidak Ada";2014;Tahun;587827;LAMPUNG
"Populasi Sapi Potong menurut Provinsi";"Tidak Ada";2014;Tahun;10136;"KEP. BANGKA BELITUNG"
"Populasi Sapi Potong menurut Provinsi";"Tidak Ada";2014;Tahun;18033;"KEP. RIAU"
"Populasi Sapi Potong menurut Provinsi";"Tidak Ada";2014;Tahun;1165;"DKI JAKARTA"
"Populasi Sapi Potong menurut Provinsi";"Tidak Ada";2014;Tahun;419077;"JAWA BARAT"
"Populasi Sapi Potong menurut Provinsi";"Tidak Ada";2014;Tahun;1592638;"JAWA TENGAH"
"Populasi Sapi Potong menurut Provinsi";"Tidak Ada";2014;Tahun;302011;"DI YOGYAKARTA"
"Populasi Sapi Potong menurut Provinsi";"Tidak Ada";2014;Tahun;4125333;"JAWA TIMUR"
"Populasi Sapi Potong menurut Provinsi";"Tidak Ada";2014;Tahun;54898;BANTEN
"Populasi Sapi Potong menurut Provinsi";"Tidak Ada";2014;Tahun;553582;BALI
"Populasi Sapi Potong menurut Provinsi";"Tidak Ada";2014;Tahun;1013793;"NUSA TENGGARA BARAT"
"Populasi Sapi Potong menurut Provinsi";"Tidak Ada";2014;Tahun;865731;"NUSA TENGGARA TIMUR"
"Populasi Sapi Potong menurut Provinsi";"Tidak Ada";2014;Tahun;151376;"KALIMANTAN BARAT"
"Populasi Sapi Potong menurut Provinsi";"Tidak Ada";2014;Tahun;65197;"KALIMANTAN TENGAH"
"Populasi Sapi Potong menurut Provinsi";"Tidak Ada";2014;Tahun;141446;"KALIMANTAN SELATAN"
"Populasi Sapi Potong menurut Provinsi";"Tidak Ada";2014;Tahun;101743;"KALIMANTAN TIMUR"
"Populasi Sapi Potong menurut Provinsi";"Tidak Ada";2014;Tahun;19646;"KALIMANTAN UTARA"
"Populasi Sapi Potong menurut Provinsi";"Tidak Ada";2014;Tahun;115197;"SULAWESI UTARA"
"Populasi Sapi Potong menurut Provinsi";"Tidak Ada";2014;Tahun;262854;"SULAWESI TENGAH"
"Populasi Sapi Potong menurut Provinsi";"Tidak Ada";2014;Tahun;1200137;"SULAWESI SELATAN"
"Populasi Sapi Potong menurut Provinsi";"Tidak Ada";2014;Tahun;265370;"SULAWESI TENGGARA"
"Populasi Sapi Potong menurut Provinsi";"Tidak Ada";2014;Tahun;192229;GORONTALO
"Populasi Sapi Potong menurut Provinsi";"Tidak Ada";2014;Tahun;84710;"SULAWESI BARAT"
"Populasi Sapi Potong menurut Provinsi";"Tidak Ada";2014;Tahun;90386;MALUKU
"Populasi Sapi Potong menurut Provinsi";"Tidak Ada";2014;Tahun;78816;"MALUKU UTARA"
"Populasi Sapi Potong menurut Provinsi";"Tidak Ada";2014;Tahun;61436;"PAPUA BARAT"
"Populasi Sapi Potong menurut Provinsi";"Tidak Ada";2014;Tahun;94865;PAPUA
"Populasi Sapi Potong menurut Provinsi";"Tidak Ada";2014;Tahun;14726875;INDONESIA
"Populasi Sapi Potong menurut Provinsi";"Tidak Ada";2013;Tahun;404221;ACEH
"Populasi Sapi Potong menurut Provinsi";"Tidak Ada";2013;Tahun;523277;"SUMATERA UTARA"
"Populasi Sapi Potong menurut Provinsi";"Tidak Ada";2013;Tahun;326674;"SUMATERA BARAT"
"Populasi Sapi Potong menurut Provinsi";"Tidak Ada";2013;Tahun;175431;RIAU
"Populasi Sapi Potong menurut Provinsi";"Tidak Ada";2013;Tahun;118985;JAMBI
"Populasi Sapi Potong menurut Provinsi";"Tidak Ada";2013;Tahun;215953;"SUMATERA SELATAN"
"Populasi Sapi Potong menurut Provinsi";"Tidak Ada";2013;Tahun;106015;BENGKULU
"Populasi Sapi Potong menurut Provinsi";"Tidak Ada";2013;Tahun;573483;LAMPUNG
"Populasi Sapi Potong menurut Provinsi";"Tidak Ada";2013;Tahun;8201;"KEP. BANGKA BELITUNG"
"Populasi Sapi Potong menurut Provinsi";"Tidak Ada";2013;Tahun;17471;"KEP. RIAU"
"Populasi Sapi Potong menurut Provinsi";"Tidak Ada";2013;Tahun;2108;"DKI JAKARTA"
"Populasi Sapi Potong menurut Provinsi";"Tidak Ada";2013;Tahun;382949;"JAWA BARAT"
"Populasi Sapi Potong menurut Provinsi";"Tidak Ada";2013;Tahun;1500077;"JAWA TENGAH"
"Populasi Sapi Potong menurut Provinsi";"Tidak Ada";2013;Tahun;272794;"DI YOGYAKARTA"
"Populasi Sapi Potong menurut Provinsi";"Tidak Ada";2013;Tahun;3586709;"JAWA TIMUR"
"Populasi Sapi Potong menurut Provinsi";"Tidak Ada";2013;Tahun;46071;BANTEN
"Populasi Sapi Potong menurut Provinsi";"Tidak Ada";2013;Tahun;478146;BALI
"Populasi Sapi Potong menurut Provinsi";"Tidak Ada";2013;Tahun;648939;"NUSA TENGGARA BARAT"
"Populasi Sapi Potong menurut Provinsi";"Tidak Ada";2013;Tahun;803450;"NUSA TENGGARA TIMUR"
"Populasi Sapi Potong menurut Provinsi";"Tidak Ada";2013;Tahun;140204;"KALIMANTAN BARAT"
"Populasi Sapi Potong menurut Provinsi";"Tidak Ada";2013;Tahun;51920;"KALIMANTAN TENGAH"
"Populasi Sapi Potong menurut Provinsi";"Tidak Ada";2013;Tahun;115235;"KALIMANTAN SELATAN"
"Populasi Sapi Potong menurut Provinsi";"Tidak Ada";2013;Tahun;93098;"KALIMANTAN TIMUR"
"Populasi Sapi Potong menurut Provinsi";"Tidak Ada";2013;Tahun;0;"KALIMANTAN UTARA"
"Populasi Sapi Potong menurut Provinsi";"Tidak Ada";2013;Tahun;105841;"SULAWESI UTARA"
"Populasi Sapi Potong menurut Provinsi";"Tidak Ada";2013;Tahun;249980;"SULAWESI TENGAH"
"Populasi Sapi Potong menurut Provinsi";"Tidak Ada";2013;Tahun;984036;"SULAWESI SELATAN"
"Populasi Sapi Potong menurut Provinsi";"Tidak Ada";2013;Tahun;230363;"SULAWESI TENGGARA"
"Populasi Sapi Potong menurut Provinsi";"Tidak Ada";2013;Tahun;174858;GORONTALO
"Populasi Sapi Potong menurut Provinsi";"Tidak Ada";2013;Tahun;82058;"SULAWESI BARAT"
"Populasi Sapi Potong menurut Provinsi";"Tidak Ada";2013;Tahun;73937;MALUKU
"Populasi Sapi Potong menurut Provinsi";"Tidak Ada";2013;Tahun;66022;"MALUKU UTARA"
"Populasi Sapi Potong menurut Provinsi";"Tidak Ada";2013;Tahun;48159;"PAPUA BARAT"
"Populasi Sapi Potong menurut Provinsi";"Tidak Ada";2013;Tahun;79574;PAPUA
"Populasi Sapi Potong menurut Provinsi";"Tidak Ada";2013;Tahun;12686239;INDONESIA
"Populasi Sapi Potong menurut Provinsi";"Tidak Ada";2012;Tahun;505171;ACEH
"Populasi Sapi Potong menurut Provinsi";"Tidak Ada";2012;Tahun;609951;"SUMATERA UTARA"
"Populasi Sapi Potong menurut Provinsi";"Tidak Ada";2012;Tahun;359233;"SUMATERA BARAT"
"Populasi Sapi Potong menurut Provinsi";"Tidak Ada";2012;Tahun;189060;RIAU
"Populasi Sapi Potong menurut Provinsi";"Tidak Ada";2012;Tahun;139534;JAMBI
"Populasi Sapi Potong menurut Provinsi";"Tidak Ada";2012;Tahun;260124;"SUMATERA SELATAN"
"Populasi Sapi Potong menurut Provinsi";"Tidak Ada";2012;Tahun;105550;BENGKULU
"Populasi Sapi Potong menurut Provinsi";"Tidak Ada";2012;Tahun;778050;LAMPUNG
"Populasi Sapi Potong menurut Provinsi";"Tidak Ada";2012;Tahun;8405;"KEP. BANGKA BELITUNG"
"Populasi Sapi Potong menurut Provinsi";"Tidak Ada";2012;Tahun;17251;"KEP. RIAU"
"Populasi Sapi Potong menurut Provinsi";"Tidak Ada";2012;Tahun;1214;"DKI JAKARTA"
"Populasi Sapi Potong menurut Provinsi";"Tidak Ada";2012;Tahun;429637;"JAWA BARAT"
"Populasi Sapi Potong menurut Provinsi";"Tidak Ada";2012;Tahun;2051407;"JAWA TENGAH"
"Populasi Sapi Potong menurut Provinsi";"Tidak Ada";2012;Tahun;358387;"DI YOGYAKARTA"
"Populasi Sapi Potong menurut Provinsi";"Tidak Ada";2012;Tahun;4957478;"JAWA TIMUR"
"Populasi Sapi Potong menurut Provinsi";"Tidak Ada";2012;Tahun;55424;BANTEN
"Populasi Sapi Potong menurut Provinsi";"Tidak Ada";2012;Tahun;651216;BALI
"Populasi Sapi Potong menurut Provinsi";"Tidak Ada";2012;Tahun;916560;"NUSA TENGGARA BARAT"
"Populasi Sapi Potong menurut Provinsi";"Tidak Ada";2012;Tahun;814450;"NUSA TENGGARA TIMUR"
"Populasi Sapi Potong menurut Provinsi";"Tidak Ada";2012;Tahun;169240;"KALIMANTAN BARAT"
"Populasi Sapi Potong menurut Provinsi";"Tidak Ada";2012;Tahun;59385;"KALIMANTAN TENGAH"
"Populasi Sapi Potong menurut Provinsi";"Tidak Ada";2012;Tahun;152495;"KALIMANTAN SELATAN"
"Populasi Sapi Potong menurut Provinsi";"Tidak Ada";2012;Tahun;99986;"KALIMANTAN TIMUR"
"Populasi Sapi Potong menurut Provinsi";"Tidak Ada";2012;Tahun;0;"KALIMANTAN UTARA"
"Populasi Sapi Potong menurut Provinsi";"Tidak Ada";2012;Tahun;119889;"SULAWESI UTARA"
"Populasi Sapi Potong menurut Provinsi";"Tidak Ada";2012;Tahun;250921;"SULAWESI TENGAH"
"Populasi Sapi Potong menurut Provinsi";"Tidak Ada";2012;Tahun;1112893;"SULAWESI SELATAN"
"Populasi Sapi Potong menurut Provinsi";"Tidak Ada";2012;Tahun;236511;"SULAWESI TENGGARA"
"Populasi Sapi Potong menurut Provinsi";"Tidak Ada";2012;Tahun;202974;GORONTALO
"Populasi Sapi Potong menurut Provinsi";"Tidak Ada";2012;Tahun;79905;"SULAWESI BARAT"
"Populasi Sapi Potong menurut Provinsi";"Tidak Ada";2012;Tahun;83866;MALUKU
"Populasi Sapi Potong menurut Provinsi";"Tidak Ada";2012;Tahun;64136;"MALUKU UTARA"
"Populasi Sapi Potong menurut Provinsi";"Tidak Ada";2012;Tahun;52046;"PAPUA BARAT"
"Populasi Sapi Potong menurut Provinsi";"Tidak Ada";2012;Tahun;88347;PAPUA
"Populasi Sapi Potong menurut Provinsi";"Tidak Ada";2012;Tahun;15980696;INDONESIA
"Populasi Sapi Potong menurut Provinsi";"Tidak Ada";2011;Tahun;462840;ACEH
"Populasi Sapi Potong menurut Provinsi";"Tidak Ada";2011;Tahun;541698;"SUMATERA UTARA"
"Populasi Sapi Potong menurut Provinsi";"Tidak Ada";2011;Tahun;327013;"SUMATERA BARAT"
"Populasi Sapi Potong menurut Provinsi";"Tidak Ada";2011;Tahun;159855;RIAU
"Populasi Sapi Potong menurut Provinsi";"Tidak Ada";2011;Tahun;119888;JAMBI
"Populasi Sapi Potong menurut Provinsi";"Tidak Ada";2011;Tahun;246295;"SUMATERA SELATAN"
"Populasi Sapi Potong menurut Provinsi";"Tidak Ada";2011;Tahun;98948;BENGKULU
"Populasi Sapi Potong menurut Provinsi";"Tidak Ada";2011;Tahun;742776;LAMPUNG
"Populasi Sapi Potong menurut Provinsi";"Tidak Ada";2011;Tahun;7733;"KEP. BANGKA BELITUNG"
"Populasi Sapi Potong menurut Provinsi";"Tidak Ada";2011;Tahun;17338;"KEP. RIAU"
"Populasi Sapi Potong menurut Provinsi";"Tidak Ada";2011;Tahun;1691;"DKI JAKARTA"
"Populasi Sapi Potong menurut Provinsi";"Tidak Ada";2011;Tahun;422989;"JAWA BARAT"
"Populasi Sapi Potong menurut Provinsi";"Tidak Ada";2011;Tahun;1937551;"JAWA TENGAH"
"Populasi Sapi Potong menurut Provinsi";"Tidak Ada";2011;Tahun;375844;"DI YOGYAKARTA"
"Populasi Sapi Potong menurut Provinsi";"Tidak Ada";2011;Tahun;4727298;"JAWA TIMUR"
"Populasi Sapi Potong menurut Provinsi";"Tidak Ada";2011;Tahun;46900;BANTEN
"Populasi Sapi Potong menurut Provinsi";"Tidak Ada";2011;Tahun;637473;BALI
"Populasi Sapi Potong menurut Provinsi";"Tidak Ada";2011;Tahun;685810;"NUSA TENGGARA BARAT"
"Populasi Sapi Potong menurut Provinsi";"Tidak Ada";2011;Tahun;778633;"NUSA TENGGARA TIMUR"
"Populasi Sapi Potong menurut Provinsi";"Tidak Ada";2011;Tahun;153320;"KALIMANTAN BARAT"
"Populasi Sapi Potong menurut Provinsi";"Tidak Ada";2011;Tahun;54647;"KALIMANTAN TENGAH"
"Populasi Sapi Potong menurut Provinsi";"Tidak Ada";2011;Tahun;138691;"KALIMANTAN SELATAN"
"Populasi Sapi Potong menurut Provinsi";"Tidak Ada";2011;Tahun;90748;"KALIMANTAN TIMUR"
"Populasi Sapi Potong menurut Provinsi";"Tidak Ada";2011;Tahun;0;"KALIMANTAN UTARA"
"Populasi Sapi Potong menurut Provinsi";"Tidak Ada";2011;Tahun;105225;"SULAWESI UTARA"
"Populasi Sapi Potong menurut Provinsi";"Tidak Ada";2011;Tahun;230682;"SULAWESI TENGAH"
"Populasi Sapi Potong menurut Provinsi";"Tidak Ada";2011;Tahun;983985;"SULAWESI SELATAN"
"Populasi Sapi Potong menurut Provinsi";"Tidak Ada";2011;Tahun;213736;"SULAWESI TENGGARA"
"Populasi Sapi Potong menurut Provinsi";"Tidak Ada";2011;Tahun;183868;GORONTALO
"Populasi Sapi Potong menurut Provinsi";"Tidak Ada";2011;Tahun;72822;"SULAWESI BARAT"
"Populasi Sapi Potong menurut Provinsi";"Tidak Ada";2011;Tahun;73976;MALUKU
"Populasi Sapi Potong menurut Provinsi";"Tidak Ada";2011;Tahun;60840;"MALUKU UTARA"
"Populasi Sapi Potong menurut Provinsi";"Tidak Ada";2011;Tahun;41464;"PAPUA BARAT"
"Populasi Sapi Potong menurut Provinsi";"Tidak Ada";2011;Tahun;81796;PAPUA
"Populasi Sapi Potong menurut Provinsi";"Tidak Ada";2011;Tahun;14824373;INDONESIA
"Populasi Sapi Potong menurut Provinsi";"Tidak Ada";2010;Tahun;722501;ACEH
"Populasi Sapi Potong menurut Provinsi";"Tidak Ada";2010;Tahun;412670.167;"SUMATERA UTARA"
"Populasi Sapi Potong menurut Provinsi";"Tidak Ada";2010;Tahun;513254.579;"SUMATERA BARAT"
"Populasi Sapi Potong menurut Provinsi";"Tidak Ada";2010;Tahun;170104.828;RIAU
"Populasi Sapi Potong menurut Provinsi";"Tidak Ada";2010;Tahun;177710;JAMBI
"Populasi Sapi Potong menurut Provinsi";"Tidak Ada";2010;Tahun;347873;"SUMATERA SELATAN"
"Populasi Sapi Potong menurut Provinsi";"Tidak Ada";2010;Tahun;103262;BENGKULU
"Populasi Sapi Potong menurut Provinsi";"Tidak Ada";2010;Tahun;496066;LAMPUNG
"Populasi Sapi Potong menurut Provinsi";"Tidak Ada";2010;Tahun;9852;"KEP. BANGKA BELITUNG"
"Populasi Sapi Potong menurut Provinsi";"Tidak Ada";2010;Tahun;8693;"KEP. RIAU"
"Populasi Sapi Potong menurut Provinsi";"Tidak Ada";2010;Tahun;0;"DKI JAKARTA"
"Populasi Sapi Potong menurut Provinsi";"Tidak Ada";2010;Tahun;327750;"JAWA BARAT"
"Populasi Sapi Potong menurut Provinsi";"Tidak Ada";2010;Tahun;1554457.680059;"JAWA TENGAH"
"Populasi Sapi Potong menurut Provinsi";"Tidak Ada";2010;Tahun;290949;"DI YOGYAKARTA"
"Populasi Sapi Potong menurut Provinsi";"Tidak Ada";2010;Tahun;3745453;"JAWA TIMUR"
"Populasi Sapi Potong menurut Provinsi";"Tidak Ada";2010;Tahun;69727;BANTEN
"Populasi Sapi Potong menurut Provinsi";"Tidak Ada";2010;Tahun;683800;BALI
"Populasi Sapi Potong menurut Provinsi";"Tidak Ada";2010;Tahun;695951;"NUSA TENGGARA BARAT"
"Populasi Sapi Potong menurut Provinsi";"Tidak Ada";2010;Tahun;600922.9682;"NUSA TENGGARA TIMUR"
"Populasi Sapi Potong menurut Provinsi";"Tidak Ada";2010;Tahun;176734;"KALIMANTAN BARAT"
"Populasi Sapi Potong menurut Provinsi";"Tidak Ada";2010;Tahun;75098;"KALIMANTAN TENGAH"
"Populasi Sapi Potong menurut Provinsi";"Tidak Ada";2010;Tahun;228545;"KALIMANTAN SELATAN"
"Populasi Sapi Potong menurut Provinsi";"Tidak Ada";2010;Tahun;108321;"KALIMANTAN TIMUR"
"Populasi Sapi Potong menurut Provinsi";"Tidak Ada";2010;Tahun;0;"KALIMANTAN UTARA"
"Populasi Sapi Potong menurut Provinsi";"Tidak Ada";2010;Tahun;98522;"SULAWESI UTARA"
"Populasi Sapi Potong menurut Provinsi";"Tidak Ada";2010;Tahun;211769;"SULAWESI TENGAH"
"Populasi Sapi Potong menurut Provinsi";"Tidak Ada";2010;Tahun;848916;"SULAWESI SELATAN"
"Populasi Sapi Potong menurut Provinsi";"Tidak Ada";2010;Tahun;268138;"SULAWESI TENGGARA"
"Populasi Sapi Potong menurut Provinsi";"Tidak Ada";2010;Tahun;253411;GORONTALO
"Populasi Sapi Potong menurut Provinsi";"Tidak Ada";2010;Tahun;135770;"SULAWESI BARAT"
"Populasi Sapi Potong menurut Provinsi";"Tidak Ada";2010;Tahun;83943;MALUKU
"Populasi Sapi Potong menurut Provinsi";"Tidak Ada";2010;Tahun;45488;"MALUKU UTARA"
"Populasi Sapi Potong menurut Provinsi";"Tidak Ada";2010;Tahun;37093;"PAPUA BARAT"
"Populasi Sapi Potong menurut Provinsi";"Tidak Ada";2010;Tahun;78825;PAPUA
"Populasi Sapi Potong menurut Provinsi";"Tidak Ada";2010;Tahun;13581570.222259;INDONESIA
"Populasi Sapi Potong menurut Provinsi";"Tidak Ada";2009;Tahun;669996;ACEH
"Populasi Sapi Potong menurut Provinsi";"Tidak Ada";2009;Tahun;394063;"SUMATERA UTARA"
"Populasi Sapi Potong menurut Provinsi";"Tidak Ada";2009;Tahun;492272;"SUMATERA BARAT"
"Populasi Sapi Potong menurut Provinsi";"Tidak Ada";2009;Tahun;172394;RIAU
"Populasi Sapi Potong menurut Provinsi";"Tidak Ada";2009;Tahun;164256;JAMBI
"Populasi Sapi Potong menurut Provinsi";"Tidak Ada";2009;Tahun;342412;"SUMATERA SELATAN"
"Populasi Sapi Potong menurut Provinsi";"Tidak Ada";2009;Tahun;97528;BENGKULU
"Populasi Sapi Potong menurut Provinsi";"Tidak Ada";2009;Tahun;463032;LAMPUNG
"Populasi Sapi Potong menurut Provinsi";"Tidak Ada";2009;Tahun;9624;"KEP. BANGKA BELITUNG"
"Populasi Sapi Potong menurut Provinsi";"Tidak Ada";2009;Tahun;8323;"KEP. RIAU"
"Populasi Sapi Potong menurut Provinsi";"Tidak Ada";2009;Tahun;0;"DKI JAKARTA"
"Populasi Sapi Potong menurut Provinsi";"Tidak Ada";2009;Tahun;309609;"JAWA BARAT"
"Populasi Sapi Potong menurut Provinsi";"Tidak Ada";2009;Tahun;1525250;"JAWA TENGAH"
"Populasi Sapi Potong menurut Provinsi";"Tidak Ada";2009;Tahun;283043;"DI YOGYAKARTA"
"Populasi Sapi Potong menurut Provinsi";"Tidak Ada";2009;Tahun;3458948;"JAWA TIMUR"
"Populasi Sapi Potong menurut Provinsi";"Tidak Ada";2009;Tahun;73515;BANTEN
"Populasi Sapi Potong menurut Provinsi";"Tidak Ada";2009;Tahun;675419;BALI
"Populasi Sapi Potong menurut Provinsi";"Tidak Ada";2009;Tahun;592875;"NUSA TENGGARA BARAT"
"Populasi Sapi Potong menurut Provinsi";"Tidak Ada";2009;Tahun;577552;"NUSA TENGGARA TIMUR"
"Populasi Sapi Potong menurut Provinsi";"Tidak Ada";2009;Tahun;175019;"KALIMANTAN BARAT"
"Populasi Sapi Potong menurut Provinsi";"Tidak Ada";2009;Tahun;68022;"KALIMANTAN TENGAH"
"Populasi Sapi Potong menurut Provinsi";"Tidak Ada";2009;Tahun;218065;"KALIMANTAN SELATAN"
"Populasi Sapi Potong menurut Provinsi";"Tidak Ada";2009;Tahun;101176;"KALIMANTAN TIMUR"
"Populasi Sapi Potong menurut Provinsi";"Tidak Ada";2009;Tahun;0;"KALIMANTAN UTARA"
"Populasi Sapi Potong menurut Provinsi";"Tidak Ada";2009;Tahun;106598;"SULAWESI UTARA"
"Populasi Sapi Potong menurut Provinsi";"Tidak Ada";2009;Tahun;210535;"SULAWESI TENGAH"
"Populasi Sapi Potong menurut Provinsi";"Tidak Ada";2009;Tahun;729066;"SULAWESI SELATAN"
"Populasi Sapi Potong menurut Provinsi";"Tidak Ada";2009;Tahun;253171;"SULAWESI TENGGARA"
"Populasi Sapi Potong menurut Provinsi";"Tidak Ada";2009;Tahun;240659;GORONTALO
"Populasi Sapi Potong menurut Provinsi";"Tidak Ada";2009;Tahun;124632;"SULAWESI BARAT"
"Populasi Sapi Potong menurut Provinsi";"Tidak Ada";2009;Tahun;79162;MALUKU
"Populasi Sapi Potong menurut Provinsi";"Tidak Ada";2009;Tahun;45488;"MALUKU UTARA"
"Populasi Sapi Potong menurut Provinsi";"Tidak Ada";2009;Tahun;36081;"PAPUA BARAT"
"Populasi Sapi Potong menurut Provinsi";"Tidak Ada";2009;Tahun;62053;PAPUA
"Populasi Sapi Potong menurut Provinsi";"Tidak Ada";2009;Tahun;12759838;INDONESIA
"Populasi Sapi Potong menurut Provinsi";"Tidak Ada";2008;Tahun;641093;ACEH
"Populasi Sapi Potong menurut Provinsi";"Tidak Ada";2008;Tahun;388240;"SUMATERA UTARA"
"Populasi Sapi Potong menurut Provinsi";"Tidak Ada";2008;Tahun;469859;"SUMATERA BARAT"
"Populasi Sapi Potong menurut Provinsi";"Tidak Ada";2008;Tahun;161202;RIAU
"Populasi Sapi Potong menurut Provinsi";"Tidak Ada";2008;Tahun;149042;JAMBI
"Populasi Sapi Potong menurut Provinsi";"Tidak Ada";2008;Tahun;336295;"SUMATERA SELATAN"
"Populasi Sapi Potong menurut Provinsi";"Tidak Ada";2008;Tahun;93219;BENGKULU
"Populasi Sapi Potong menurut Provinsi";"Tidak Ada";2008;Tahun;425526;LAMPUNG
"Populasi Sapi Potong menurut Provinsi";"Tidak Ada";2008;Tahun;9373;"KEP. BANGKA BELITUNG"
"Populasi Sapi Potong menurut Provinsi";"Tidak Ada";2008;Tahun;7893;"KEP. RIAU"
"Populasi Sapi Potong menurut Provinsi";"Tidak Ada";2008;Tahun;0;"DKI JAKARTA"
"Populasi Sapi Potong menurut Provinsi";"Tidak Ada";2008;Tahun;295554;"JAWA BARAT"
"Populasi Sapi Potong menurut Provinsi";"Tidak Ada";2008;Tahun;1442033;"JAWA TENGAH"
"Populasi Sapi Potong menurut Provinsi";"Tidak Ada";2008;Tahun;269927;"DI YOGYAKARTA"
"Populasi Sapi Potong menurut Provinsi";"Tidak Ada";2008;Tahun;3384902;"JAWA TIMUR"
"Populasi Sapi Potong menurut Provinsi";"Tidak Ada";2008;Tahun;60680;BANTEN
"Populasi Sapi Potong menurut Provinsi";"Tidak Ada";2008;Tahun;668065;BALI
"Populasi Sapi Potong menurut Provinsi";"Tidak Ada";2008;Tahun;546114;"NUSA TENGGARA BARAT"
"Populasi Sapi Potong menurut Provinsi";"Tidak Ada";2008;Tahun;573461;"NUSA TENGGARA TIMUR"
"Populasi Sapi Potong menurut Provinsi";"Tidak Ada";2008;Tahun;168053;"KALIMANTAN BARAT"
"Populasi Sapi Potong menurut Provinsi";"Tidak Ada";2008;Tahun;69152;"KALIMANTAN TENGAH"
"Populasi Sapi Potong menurut Provinsi";"Tidak Ada";2008;Tahun;210633;"KALIMANTAN SELATAN"
"Populasi Sapi Potong menurut Provinsi";"Tidak Ada";2008;Tahun;90028;"KALIMANTAN TIMUR"
"Populasi Sapi Potong menurut Provinsi";"Tidak Ada";2008;Tahun;0;"KALIMANTAN UTARA"
"Populasi Sapi Potong menurut Provinsi";"Tidak Ada";2008;Tahun;108332;"SULAWESI UTARA"
"Populasi Sapi Potong menurut Provinsi";"Tidak Ada";2008;Tahun;203893;"SULAWESI TENGAH"
"Populasi Sapi Potong menurut Provinsi";"Tidak Ada";2008;Tahun;703303;"SULAWESI SELATAN"
"Populasi Sapi Potong menurut Provinsi";"Tidak Ada";2008;Tahun;237360;"SULAWESI TENGGARA"
"Populasi Sapi Potong menurut Provinsi";"Tidak Ada";2008;Tahun;227690;GORONTALO
"Populasi Sapi Potong menurut Provinsi";"Tidak Ada";2008;Tahun;98182;"SULAWESI BARAT"
"Populasi Sapi Potong menurut Provinsi";"Tidak Ada";2008;Tahun;74654;MALUKU
"Populasi Sapi Potong menurut Provinsi";"Tidak Ada";2008;Tahun;51485;"MALUKU UTARA"
"Populasi Sapi Potong menurut Provinsi";"Tidak Ada";2008;Tahun;35297;"PAPUA BARAT"
"Populasi Sapi Potong menurut Provinsi";"Tidak Ada";2008;Tahun;56064;PAPUA
"Populasi Sapi Potong menurut Provinsi";"Tidak Ada";2008;Tahun;12256604;INDONESIA
"Populasi Sapi Potong menurut Provinsi";"Tidak Ada";2007;Tahun;784053;ACEH
"Populasi Sapi Potong menurut Provinsi";"Tidak Ada";2007;Tahun;384577;"SUMATERA UTARA"
"Populasi Sapi Potong menurut Provinsi";"Tidak Ada";2007;Tahun;450823;"SUMATERA BARAT"
"Populasi Sapi Potong menurut Provinsi";"Tidak Ada";2007;Tahun;114156;RIAU
"Populasi Sapi Potong menurut Provinsi";"Tidak Ada";2007;Tahun;125114;JAMBI
"Populasi Sapi Potong menurut Provinsi";"Tidak Ada";2007;Tahun;451102;"SUMATERA SELATAN"
"Populasi Sapi Potong menurut Provinsi";"Tidak Ada";2007;Tahun;93659;BENGKULU
"Populasi Sapi Potong menurut Provinsi";"Tidak Ada";2007;Tahun;410165;LAMPUNG
"Populasi Sapi Potong menurut Provinsi";"Tidak Ada";2007;Tahun;14065;"KEP. BANGKA BELITUNG"
"Populasi Sapi Potong menurut Provinsi";"Tidak Ada";2007;Tahun;7627;"KEP. RIAU"
"Populasi Sapi Potong menurut Provinsi";"Tidak Ada";2007;Tahun;0;"DKI JAKARTA"
"Populasi Sapi Potong menurut Provinsi";"Tidak Ada";2007;Tahun;272264;"JAWA BARAT"
"Populasi Sapi Potong menurut Provinsi";"Tidak Ada";2007;Tahun;1416464;"JAWA TENGAH"
"Populasi Sapi Potong menurut Provinsi";"Tidak Ada";2007;Tahun;257836;"DI YOGYAKARTA"
"Populasi Sapi Potong menurut Provinsi";"Tidak Ada";2007;Tahun;2705605;"JAWA TIMUR"
"Populasi Sapi Potong menurut Provinsi";"Tidak Ada";2007;Tahun;54887;BANTEN
"Populasi Sapi Potong menurut Provinsi";"Tidak Ada";2007;Tahun;633789;BALI
"Populasi Sapi Potong menurut Provinsi";"Tidak Ada";2007;Tahun;507836;"NUSA TENGGARA BARAT"
"Populasi Sapi Potong menurut Provinsi";"Tidak Ada";2007;Tahun;555383;"NUSA TENGGARA TIMUR"
"Populasi Sapi Potong menurut Provinsi";"Tidak Ada";2007;Tahun;166800;"KALIMANTAN BARAT"
"Populasi Sapi Potong menurut Provinsi";"Tidak Ada";2007;Tahun;67465;"KALIMANTAN TENGAH"
"Populasi Sapi Potong menurut Provinsi";"Tidak Ada";2007;Tahun;202037;"KALIMANTAN SELATAN"
"Populasi Sapi Potong menurut Provinsi";"Tidak Ada";2007;Tahun;81746;"KALIMANTAN TIMUR"
"Populasi Sapi Potong menurut Provinsi";"Tidak Ada";2007;Tahun;0;"KALIMANTAN UTARA"
"Populasi Sapi Potong menurut Provinsi";"Tidak Ada";2007;Tahun;107818;"SULAWESI UTARA"
"Populasi Sapi Potong menurut Provinsi";"Tidak Ada";2007;Tahun;197794;"SULAWESI TENGAH"
"Populasi Sapi Potong menurut Provinsi";"Tidak Ada";2007;Tahun;696615;"SULAWESI SELATAN"
"Populasi Sapi Potong menurut Provinsi";"Tidak Ada";2007;Tahun;227265;"SULAWESI TENGGARA"
"Populasi Sapi Potong menurut Provinsi";"Tidak Ada";2007;Tahun;213831;GORONTALO
"Populasi Sapi Potong menurut Provinsi";"Tidak Ada";2007;Tahun;101295;"SULAWESI BARAT"
"Populasi Sapi Potong menurut Provinsi";"Tidak Ada";2007;Tahun;75458;MALUKU
"Populasi Sapi Potong menurut Provinsi";"Tidak Ada";2007;Tahun;49828;"MALUKU UTARA"
"Populasi Sapi Potong menurut Provinsi";"Tidak Ada";2007;Tahun;34429;"PAPUA BARAT"
"Populasi Sapi Potong menurut Provinsi";"Tidak Ada";2007;Tahun;53085;PAPUA
"Populasi Sapi Potong menurut Provinsi";"Tidak Ada";2007;Tahun;11514871;INDONESIA
"Populasi Sapi Potong menurut Provinsi";"Tidak Ada";2006;Tahun;718623;ACEH
"Populasi Sapi Potong menurut Provinsi";"Tidak Ada";2006;Tahun;251488;"SUMATERA UTARA"
"Populasi Sapi Potong menurut Provinsi";"Tidak Ada";2006;Tahun;440641;"SUMATERA BARAT"
"Populasi Sapi Potong menurut Provinsi";"Tidak Ada";2006;Tahun;108223;RIAU
"Populasi Sapi Potong menurut Provinsi";"Tidak Ada";2006;Tahun;118160;JAMBI
"Populasi Sapi Potong menurut Provinsi";"Tidak Ada";2006;Tahun;450300;"SUMATERA SELATAN"
"Populasi Sapi Potong menurut Provinsi";"Tidak Ada";2006;Tahun;85429;BENGKULU
"Populasi Sapi Potong menurut Provinsi";"Tidak Ada";2006;Tahun;401635.6631263;LAMPUNG
"Populasi Sapi Potong menurut Provinsi";"Tidak Ada";2006;Tahun;5272;"KEP. BANGKA BELITUNG"
"Populasi Sapi Potong menurut Provinsi";"Tidak Ada";2006;Tahun;7204;"KEP. RIAU"
"Populasi Sapi Potong menurut Provinsi";"Tidak Ada";2006;Tahun;0;"DKI JAKARTA"
"Populasi Sapi Potong menurut Provinsi";"Tidak Ada";2006;Tahun;254243;"JAWA BARAT"
"Populasi Sapi Potong menurut Provinsi";"Tidak Ada";2006;Tahun;1392590;"JAWA TENGAH"
"Populasi Sapi Potong menurut Provinsi";"Tidak Ada";2006;Tahun;251335;"DI YOGYAKARTA"
"Populasi Sapi Potong menurut Provinsi";"Tidak Ada";2006;Tahun;2584441;"JAWA TIMUR"
"Populasi Sapi Potong menurut Provinsi";"Tidak Ada";2006;Tahun;20509;BANTEN
"Populasi Sapi Potong menurut Provinsi";"Tidak Ada";2006;Tahun;613241;BALI
"Populasi Sapi Potong menurut Provinsi";"Tidak Ada";2006;Tahun;481376;"NUSA TENGGARA BARAT"
"Populasi Sapi Potong menurut Provinsi";"Tidak Ada";2006;Tahun;544482;"NUSA TENGGARA TIMUR"
"Populasi Sapi Potong menurut Provinsi";"Tidak Ada";2006;Tahun;160527;"KALIMANTAN BARAT"
"Populasi Sapi Potong menurut Provinsi";"Tidak Ada";2006;Tahun;63300;"KALIMANTAN TENGAH"
"Populasi Sapi Potong menurut Provinsi";"Tidak Ada";2006;Tahun;193920;"KALIMANTAN SELATAN"
"Populasi Sapi Potong menurut Provinsi";"Tidak Ada";2006;Tahun;73878;"KALIMANTAN TIMUR"
"Populasi Sapi Potong menurut Provinsi";"Tidak Ada";2006;Tahun;0;"KALIMANTAN UTARA"
"Populasi Sapi Potong menurut Provinsi";"Tidak Ada";2006;Tahun;114816;"SULAWESI UTARA"
"Populasi Sapi Potong menurut Provinsi";"Tidak Ada";2006;Tahun;189145;"SULAWESI TENGAH"
"Populasi Sapi Potong menurut Provinsi";"Tidak Ada";2006;Tahun;637128;"SULAWESI SELATAN"
"Populasi Sapi Potong menurut Provinsi";"Tidak Ada";2006;Tahun;221975;"SULAWESI TENGGARA"
"Populasi Sapi Potong menurut Provinsi";"Tidak Ada";2006;Tahun;210694;GORONTALO
"Populasi Sapi Potong menurut Provinsi";"Tidak Ada";2006;Tahun;90526;"SULAWESI BARAT"
"Populasi Sapi Potong menurut Provinsi";"Tidak Ada";2006;Tahun;67948;MALUKU
"Populasi Sapi Potong menurut Provinsi";"Tidak Ada";2006;Tahun;41115;"MALUKU UTARA"
"Populasi Sapi Potong menurut Provinsi";"Tidak Ada";2006;Tahun;29906;"PAPUA BARAT"
"Populasi Sapi Potong menurut Provinsi";"Tidak Ada";2006;Tahun;51054;PAPUA
"Populasi Sapi Potong menurut Provinsi";"Tidak Ada";2006;Tahun;10875124.663126;INDONESIA
"Populasi Sapi Potong menurut Provinsi";"Tidak Ada";2005;Tahun;625134;ACEH
"Populasi Sapi Potong menurut Provinsi";"Tidak Ada";2005;Tahun;288931;"SUMATERA UTARA"
"Populasi Sapi Potong menurut Provinsi";"Tidak Ada";2005;Tahun;419353;"SUMATERA BARAT"
"Populasi Sapi Potong menurut Provinsi";"Tidak Ada";2005;Tahun;102352;RIAU
"Populasi Sapi Potong menurut Provinsi";"Tidak Ada";2005;Tahun;113678;JAMBI
"Populasi Sapi Potong menurut Provinsi";"Tidak Ada";2005;Tahun;449500;"SUMATERA SELATAN"
"Populasi Sapi Potong menurut Provinsi";"Tidak Ada";2005;Tahun;83196;BENGKULU
"Populasi Sapi Potong menurut Provinsi";"Tidak Ada";2005;Tahun;417129;LAMPUNG
"Populasi Sapi Potong menurut Provinsi";"Tidak Ada";2005;Tahun;4559;"KEP. BANGKA BELITUNG"
"Populasi Sapi Potong menurut Provinsi";"Tidak Ada";2005;Tahun;10027;"KEP. RIAU"
"Populasi Sapi Potong menurut Provinsi";"Tidak Ada";2005;Tahun;0;"DKI JAKARTA"
"Populasi Sapi Potong menurut Provinsi";"Tidak Ada";2005;Tahun;234840;"JAWA BARAT"
"Populasi Sapi Potong menurut Provinsi";"Tidak Ada";2005;Tahun;1390408;"JAWA TENGAH"
"Populasi Sapi Potong menurut Provinsi";"Tidak Ada";2005;Tahun;247010;"DI YOGYAKARTA"
"Populasi Sapi Potong menurut Provinsi";"Tidak Ada";2005;Tahun;2524476;"JAWA TIMUR"
"Populasi Sapi Potong menurut Provinsi";"Tidak Ada";2005;Tahun;18838;BANTEN
"Populasi Sapi Potong menurut Provinsi";"Tidak Ada";2005;Tahun;590949;BALI
"Populasi Sapi Potong menurut Provinsi";"Tidak Ada";2005;Tahun;451165;"NUSA TENGGARA BARAT"
"Populasi Sapi Potong menurut Provinsi";"Tidak Ada";2005;Tahun;533710;"NUSA TENGGARA TIMUR"
"Populasi Sapi Potong menurut Provinsi";"Tidak Ada";2005;Tahun;158791;"KALIMANTAN BARAT"
"Populasi Sapi Potong menurut Provinsi";"Tidak Ada";2005;Tahun;61259;"KALIMANTAN TENGAH"
"Populasi Sapi Potong menurut Provinsi";"Tidak Ada";2005;Tahun;182639;"KALIMANTAN SELATAN"
"Populasi Sapi Potong menurut Provinsi";"Tidak Ada";2005;Tahun;69024;"KALIMANTAN TIMUR"
"Populasi Sapi Potong menurut Provinsi";"Tidak Ada";2005;Tahun;0;"KALIMANTAN UTARA"
"Populasi Sapi Potong menurut Provinsi";"Tidak Ada";2005;Tahun;118931;"SULAWESI UTARA"
"Populasi Sapi Potong menurut Provinsi";"Tidak Ada";2005;Tahun;187514;"SULAWESI TENGAH"
"Populasi Sapi Potong menurut Provinsi";"Tidak Ada";2005;Tahun;594316;"SULAWESI SELATAN"
"Populasi Sapi Potong menurut Provinsi";"Tidak Ada";2005;Tahun;213840;"SULAWESI TENGGARA"
"Populasi Sapi Potong menurut Provinsi";"Tidak Ada";2005;Tahun;205993;GORONTALO
"Populasi Sapi Potong menurut Provinsi";"Tidak Ada";2005;Tahun;86215;"SULAWESI BARAT"
"Populasi Sapi Potong menurut Provinsi";"Tidak Ada";2005;Tahun;66578;MALUKU
"Populasi Sapi Potong menurut Provinsi";"Tidak Ada";2005;Tahun;40537;"MALUKU UTARA"
"Populasi Sapi Potong menurut Provinsi";"Tidak Ada";2005;Tahun;30149;"PAPUA BARAT"
"Populasi Sapi Potong menurut Provinsi";"Tidak Ada";2005;Tahun;48271;PAPUA
"Populasi Sapi Potong menurut Provinsi";"Tidak Ada";2005;Tahun;10569312;INDONESIA
"Populasi Sapi Potong menurut Provinsi";"Tidak Ada";2004;Tahun;655811;ACEH
"Populasi Sapi Potong menurut Provinsi";"Tidak Ada";2004;Tahun;248971;"SUMATERA UTARA"
"Populasi Sapi Potong menurut Provinsi";"Tidak Ada";2004;Tahun;597294;"SUMATERA BARAT"
"Populasi Sapi Potong menurut Provinsi";"Tidak Ada";2004;Tahun;107954;RIAU
"Populasi Sapi Potong menurut Provinsi";"Tidak Ada";2004;Tahun;147917;JAMBI
"Populasi Sapi Potong menurut Provinsi";"Tidak Ada";2004;Tahun;438666;"SUMATERA SELATAN"
"Populasi Sapi Potong menurut Provinsi";"Tidak Ada";2004;Tahun;80371;BENGKULU
"Populasi Sapi Potong menurut Provinsi";"Tidak Ada";2004;Tahun;391846;LAMPUNG
"Populasi Sapi Potong menurut Provinsi";"Tidak Ada";2004;Tahun;3181;"KEP. BANGKA BELITUNG"
"Populasi Sapi Potong menurut Provinsi";"Tidak Ada";2004;Tahun;0;"KEP. RIAU"
"Populasi Sapi Potong menurut Provinsi";"Tidak Ada";2004;Tahun;0;"DKI JAKARTA"
"Populasi Sapi Potong menurut Provinsi";"Tidak Ada";2004;Tahun;232949;"JAWA BARAT"
"Populasi Sapi Potong menurut Provinsi";"Tidak Ada";2004;Tahun;1357125;"JAWA TENGAH"
"Populasi Sapi Potong menurut Provinsi";"Tidak Ada";2004;Tahun;236726;"DI YOGYAKARTA"
"Populasi Sapi Potong menurut Provinsi";"Tidak Ada";2004;Tahun;2519030;"JAWA TIMUR"
"Populasi Sapi Potong menurut Provinsi";"Tidak Ada";2004;Tahun;22872;BANTEN
"Populasi Sapi Potong menurut Provinsi";"Tidak Ada";2004;Tahun;576586;BALI
"Populasi Sapi Potong menurut Provinsi";"Tidak Ada";2004;Tahun;426033;"NUSA TENGGARA BARAT"
"Populasi Sapi Potong menurut Provinsi";"Tidak Ada";2004;Tahun;522929;"NUSA TENGGARA TIMUR"
"Populasi Sapi Potong menurut Provinsi";"Tidak Ada";2004;Tahun;156569;"KALIMANTAN BARAT"
"Populasi Sapi Potong menurut Provinsi";"Tidak Ada";2004;Tahun;55599;"KALIMANTAN TENGAH"
"Populasi Sapi Potong menurut Provinsi";"Tidak Ada";2004;Tahun;173648;"KALIMANTAN SELATAN"
"Populasi Sapi Potong menurut Provinsi";"Tidak Ada";2004;Tahun;60784;"KALIMANTAN TIMUR"
"Populasi Sapi Potong menurut Provinsi";"Tidak Ada";2004;Tahun;0;"KALIMANTAN UTARA"
"Populasi Sapi Potong menurut Provinsi";"Tidak Ada";2004;Tahun;98741;"SULAWESI UTARA"
"Populasi Sapi Potong menurut Provinsi";"Tidak Ada";2004;Tahun;197692;"SULAWESI TENGAH"
"Populasi Sapi Potong menurut Provinsi";"Tidak Ada";2004;Tahun;627981;"SULAWESI SELATAN"
"Populasi Sapi Potong menurut Provinsi";"Tidak Ada";2004;Tahun;208740;"SULAWESI TENGGARA"
"Populasi Sapi Potong menurut Provinsi";"Tidak Ada";2004;Tahun;201678;GORONTALO
"Populasi Sapi Potong menurut Provinsi";"Tidak Ada";2004;Tahun;0;"SULAWESI BARAT"
"Populasi Sapi Potong menurut Provinsi";"Tidak Ada";2004;Tahun;76864;MALUKU
"Populasi Sapi Potong menurut Provinsi";"Tidak Ada";2004;Tahun;34034;"MALUKU UTARA"
"Populasi Sapi Potong menurut Provinsi";"Tidak Ada";2004;Tahun;0;"PAPUA BARAT"
"Populasi Sapi Potong menurut Provinsi";"Tidak Ada";2004;Tahun;74298;PAPUA
"Populasi Sapi Potong menurut Provinsi";"Tidak Ada";2004;Tahun;10532889;INDONESIA
"Populasi Sapi Potong menurut Provinsi";"Tidak Ada";2003;Tahun;701777;ACEH
"Populasi Sapi Potong menurut Provinsi";"Tidak Ada";2003;Tahun;248673;"SUMATERA UTARA"
"Populasi Sapi Potong menurut Provinsi";"Tidak Ada";2003;Tahun;583850;"SUMATERA BARAT"
"Populasi Sapi Potong menurut Provinsi";"Tidak Ada";2003;Tahun;112861;RIAU
"Populasi Sapi Potong menurut Provinsi";"Tidak Ada";2003;Tahun;145845;JAMBI
"Populasi Sapi Potong menurut Provinsi";"Tidak Ada";2003;Tahun;419937;"SUMATERA SELATAN"
"Populasi Sapi Potong menurut Provinsi";"Tidak Ada";2003;Tahun;77953;BENGKULU
"Populasi Sapi Potong menurut Provinsi";"Tidak Ada";2003;Tahun;387350;LAMPUNG
"Populasi Sapi Potong menurut Provinsi";"Tidak Ada";2003;Tahun;15407;"KEP. BANGKA BELITUNG"
"Populasi Sapi Potong menurut Provinsi";"Tidak Ada";2003;Tahun;0;"KEP. RIAU"
"Populasi Sapi Potong menurut Provinsi";"Tidak Ada";2003;Tahun;0;"DKI JAKARTA"
"Populasi Sapi Potong menurut Provinsi";"Tidak Ada";2003;Tahun;223818;"JAWA BARAT"
"Populasi Sapi Potong menurut Provinsi";"Tidak Ada";2003;Tahun;1345153;"JAWA TENGAH"
"Populasi Sapi Potong menurut Provinsi";"Tidak Ada";2003;Tahun;224247;"DI YOGYAKARTA"
"Populasi Sapi Potong menurut Provinsi";"Tidak Ada";2003;Tahun;2516777;"JAWA TIMUR"
"Populasi Sapi Potong menurut Provinsi";"Tidak Ada";2003;Tahun;9936;BANTEN
"Populasi Sapi Potong menurut Provinsi";"Tidak Ada";2003;Tahun;539781;BALI
"Populasi Sapi Potong menurut Provinsi";"Tidak Ada";2003;Tahun;419569;"NUSA TENGGARA BARAT"
"Populasi Sapi Potong menurut Provinsi";"Tidak Ada";2003;Tahun;512999;"NUSA TENGGARA TIMUR"
"Populasi Sapi Potong menurut Provinsi";"Tidak Ada";2003;Tahun;148303;"KALIMANTAN BARAT"
"Populasi Sapi Potong menurut Provinsi";"Tidak Ada";2003;Tahun;42095;"KALIMANTAN TENGAH"
"Populasi Sapi Potong menurut Provinsi";"Tidak Ada";2003;Tahun;166469;"KALIMANTAN SELATAN"
"Populasi Sapi Potong menurut Provinsi";"Tidak Ada";2003;Tahun;56145;"KALIMANTAN TIMUR"
"Populasi Sapi Potong menurut Provinsi";"Tidak Ada";2003;Tahun;0;"KALIMANTAN UTARA"
"Populasi Sapi Potong menurut Provinsi";"Tidak Ada";2003;Tahun;124262;"SULAWESI UTARA"
"Populasi Sapi Potong menurut Provinsi";"Tidak Ada";2003;Tahun;194099;"SULAWESI TENGAH"
"Populasi Sapi Potong menurut Provinsi";"Tidak Ada";2003;Tahun;737538;"SULAWESI SELATAN"
"Populasi Sapi Potong menurut Provinsi";"Tidak Ada";2003;Tahun;208227;"SULAWESI TENGGARA"
"Populasi Sapi Potong menurut Provinsi";"Tidak Ada";2003;Tahun;174460;GORONTALO
"Populasi Sapi Potong menurut Provinsi";"Tidak Ada";2003;Tahun;0;"SULAWESI BARAT"
"Populasi Sapi Potong menurut Provinsi";"Tidak Ada";2003;Tahun;62727;MALUKU
"Populasi Sapi Potong menurut Provinsi";"Tidak Ada";2003;Tahun;33781;"MALUKU UTARA"
"Populasi Sapi Potong menurut Provinsi";"Tidak Ada";2003;Tahun;0;"PAPUA BARAT"
"Populasi Sapi Potong menurut Provinsi";"Tidak Ada";2003;Tahun;70089;PAPUA
"Populasi Sapi Potong menurut Provinsi";"Tidak Ada";2003;Tahun;10504128;INDONESIA
"Populasi Sapi Potong menurut Provinsi";"Tidak Ada";2002;Tahun;701356;ACEH
"Populasi Sapi Potong menurut Provinsi";"Tidak Ada";2002;Tahun;248375;"SUMATERA UTARA"
"Populasi Sapi Potong menurut Provinsi";"Tidak Ada";2002;Tahun;546864;"SUMATERA BARAT"
"Populasi Sapi Potong menurut Provinsi";"Tidak Ada";2002;Tahun;109249;RIAU
"Populasi Sapi Potong menurut Provinsi";"Tidak Ada";2002;Tahun;142550;JAMBI
"Populasi Sapi Potong menurut Provinsi";"Tidak Ada";2002;Tahun;419000;"SUMATERA SELATAN"
"Populasi Sapi Potong menurut Provinsi";"Tidak Ada";2002;Tahun;76839;BENGKULU
"Populasi Sapi Potong menurut Provinsi";"Tidak Ada";2002;Tahun;380697;LAMPUNG
"Populasi Sapi Potong menurut Provinsi";"Tidak Ada";2002;Tahun;4663;"KEP. BANGKA BELITUNG"
"Populasi Sapi Potong menurut Provinsi";"Tidak Ada";2002;Tahun;0;"KEP. RIAU"
"Populasi Sapi Potong menurut Provinsi";"Tidak Ada";2002;Tahun;0;"DKI JAKARTA"
"Populasi Sapi Potong menurut Provinsi";"Tidak Ada";2002;Tahun;189518;"JAWA BARAT"
"Populasi Sapi Potong menurut Provinsi";"Tidak Ada";2002;Tahun;1337758;"JAWA TENGAH"
"Populasi Sapi Potong menurut Provinsi";"Tidak Ada";2002;Tahun;217186;"DI YOGYAKARTA"
"Populasi Sapi Potong menurut Provinsi";"Tidak Ada";2002;Tahun;3312015;"JAWA TIMUR"
"Populasi Sapi Potong menurut Provinsi";"Tidak Ada";2002;Tahun;9467;BANTEN
"Populasi Sapi Potong menurut Provinsi";"Tidak Ada";2002;Tahun;523870;BALI
"Populasi Sapi Potong menurut Provinsi";"Tidak Ada";2002;Tahun;403666;"NUSA TENGGARA BARAT"
"Populasi Sapi Potong menurut Provinsi";"Tidak Ada";2002;Tahun;502589;"NUSA TENGGARA TIMUR"
"Populasi Sapi Potong menurut Provinsi";"Tidak Ada";2002;Tahun;157040;"KALIMANTAN BARAT"
"Populasi Sapi Potong menurut Provinsi";"Tidak Ada";2002;Tahun;40055;"KALIMANTAN TENGAH"
"Populasi Sapi Potong menurut Provinsi";"Tidak Ada";2002;Tahun;153147;"KALIMANTAN SELATAN"
"Populasi Sapi Potong menurut Provinsi";"Tidak Ada";2002;Tahun;56187;"KALIMANTAN TIMUR"
"Populasi Sapi Potong menurut Provinsi";"Tidak Ada";2002;Tahun;0;"KALIMANTAN UTARA"
"Populasi Sapi Potong menurut Provinsi";"Tidak Ada";2002;Tahun;134396;"SULAWESI UTARA"
"Populasi Sapi Potong menurut Provinsi";"Tidak Ada";2002;Tahun;231997;"SULAWESI TENGAH"
"Populasi Sapi Potong menurut Provinsi";"Tidak Ada";2002;Tahun;751277;"SULAWESI SELATAN"
"Populasi Sapi Potong menurut Provinsi";"Tidak Ada";2002;Tahun;300451;"SULAWESI TENGGARA"
"Populasi Sapi Potong menurut Provinsi";"Tidak Ada";2002;Tahun;163747;GORONTALO
"Populasi Sapi Potong menurut Provinsi";"Tidak Ada";2002;Tahun;0;"SULAWESI BARAT"
"Populasi Sapi Potong menurut Provinsi";"Tidak Ada";2002;Tahun;60636;MALUKU
"Populasi Sapi Potong menurut Provinsi";"Tidak Ada";2002;Tahun;46449;"MALUKU UTARA"
"Populasi Sapi Potong menurut Provinsi";"Tidak Ada";2002;Tahun;0;"PAPUA BARAT"
"Populasi Sapi Potong menurut Provinsi";"Tidak Ada";2002;Tahun;76581;PAPUA
"Populasi Sapi Potong menurut Provinsi";"Tidak Ada";2002;Tahun;11297625;INDONESIA
"Populasi Sapi Potong menurut Provinsi";"Tidak Ada";2001;Tahun;699956;ACEH
"Populasi Sapi Potong menurut Provinsi";"Tidak Ada";2001;Tahun;248078;"SUMATERA UTARA"
"Populasi Sapi Potong menurut Provinsi";"Tidak Ada";2001;Tahun;501356;"SUMATERA BARAT"
"Populasi Sapi Potong menurut Provinsi";"Tidak Ada";2001;Tahun;107646;RIAU
"Populasi Sapi Potong menurut Provinsi";"Tidak Ada";2001;Tahun;138398;JAMBI
"Populasi Sapi Potong menurut Provinsi";"Tidak Ada";2001;Tahun;415743;"SUMATERA SELATAN"
"Populasi Sapi Potong menurut Provinsi";"Tidak Ada";2001;Tahun;76686;BENGKULU
"Populasi Sapi Potong menurut Provinsi";"Tidak Ada";2001;Tahun;373534;LAMPUNG
"Populasi Sapi Potong menurut Provinsi";"Tidak Ada";2001;Tahun;4157;"KEP. BANGKA BELITUNG"
"Populasi Sapi Potong menurut Provinsi";"Tidak Ada";2001;Tahun;0;"KEP. RIAU"
"Populasi Sapi Potong menurut Provinsi";"Tidak Ada";2001;Tahun;0;"DKI JAKARTA"
"Populasi Sapi Potong menurut Provinsi";"Tidak Ada";2001;Tahun;189518;"JAWA BARAT"
"Populasi Sapi Potong menurut Provinsi";"Tidak Ada";2001;Tahun;1331103;"JAWA TENGAH"
"Populasi Sapi Potong menurut Provinsi";"Tidak Ada";2001;Tahun;211889;"DI YOGYAKARTA"
"Populasi Sapi Potong menurut Provinsi";"Tidak Ada";2001;Tahun;3312015;"JAWA TIMUR"
"Populasi Sapi Potong menurut Provinsi";"Tidak Ada";2001;Tahun;9236;BANTEN
"Populasi Sapi Potong menurut Provinsi";"Tidak Ada";2001;Tahun;521264;BALI
"Populasi Sapi Potong menurut Provinsi";"Tidak Ada";2001;Tahun;395751;"NUSA TENGGARA BARAT"
"Populasi Sapi Potong menurut Provinsi";"Tidak Ada";2001;Tahun;495051;"NUSA TENGGARA TIMUR"
"Populasi Sapi Potong menurut Provinsi";"Tidak Ada";2001;Tahun;144538;"KALIMANTAN BARAT"
"Populasi Sapi Potong menurut Provinsi";"Tidak Ada";2001;Tahun;39544;"KALIMANTAN TENGAH"
"Populasi Sapi Potong menurut Provinsi";"Tidak Ada";2001;Tahun;146763;"KALIMANTAN SELATAN"
"Populasi Sapi Potong menurut Provinsi";"Tidak Ada";2001;Tahun;53511;"KALIMANTAN TIMUR"
"Populasi Sapi Potong menurut Provinsi";"Tidak Ada";2001;Tahun;0;"KALIMANTAN UTARA"
"Populasi Sapi Potong menurut Provinsi";"Tidak Ada";2001;Tahun;132514;"SULAWESI UTARA"
"Populasi Sapi Potong menurut Provinsi";"Tidak Ada";2001;Tahun;231489;"SULAWESI TENGAH"
"Populasi Sapi Potong menurut Provinsi";"Tidak Ada";2001;Tahun;722452;"SULAWESI SELATAN"
"Populasi Sapi Potong menurut Provinsi";"Tidak Ada";2001;Tahun;300451;"SULAWESI TENGGARA"
"Populasi Sapi Potong menurut Provinsi";"Tidak Ada";2001;Tahun;159334;GORONTALO
"Populasi Sapi Potong menurut Provinsi";"Tidak Ada";2001;Tahun;0;"SULAWESI BARAT"
"Populasi Sapi Potong menurut Provinsi";"Tidak Ada";2001;Tahun;59387;MALUKU
"Populasi Sapi Potong menurut Provinsi";"Tidak Ada";2001;Tahun;44091;"MALUKU UTARA"
"Populasi Sapi Potong menurut Provinsi";"Tidak Ada";2001;Tahun;0;"PAPUA BARAT"
"Populasi Sapi Potong menurut Provinsi";"Tidak Ada";2001;Tahun;72246;PAPUA
"Populasi Sapi Potong menurut Provinsi";"Tidak Ada";2001;Tahun;11137701;INDONESIA
"Populasi Sapi Potong menurut Provinsi";"Tidak Ada";2000;Tahun;668489;ACEH
"Populasi Sapi Potong menurut Provinsi";"Tidak Ada";2000;Tahun;247781;"SUMATERA UTARA"
"Populasi Sapi Potong menurut Provinsi";"Tidak Ada";2000;Tahun;429336;"SUMATERA BARAT"
"Populasi Sapi Potong menurut Provinsi";"Tidak Ada";2000;Tahun;144678;RIAU
"Populasi Sapi Potong menurut Provinsi";"Tidak Ada";2000;Tahun;142054;JAMBI
"Populasi Sapi Potong menurut Provinsi";"Tidak Ada";2000;Tahun;420617;"SUMATERA SELATAN"
"Populasi Sapi Potong menurut Provinsi";"Tidak Ada";2000;Tahun;79180;BENGKULU
"Populasi Sapi Potong menurut Provinsi";"Tidak Ada";2000;Tahun;375115;LAMPUNG
"Populasi Sapi Potong menurut Provinsi";"Tidak Ada";2000;Tahun;0;"KEP. BANGKA BELITUNG"
"Populasi Sapi Potong menurut Provinsi";"Tidak Ada";2000;Tahun;0;"KEP. RIAU"
"Populasi Sapi Potong menurut Provinsi";"Tidak Ada";2000;Tahun;0;"DKI JAKARTA"
"Populasi Sapi Potong menurut Provinsi";"Tidak Ada";2000;Tahun;174697;"JAWA BARAT"
"Populasi Sapi Potong menurut Provinsi";"Tidak Ada";2000;Tahun;1317341;"JAWA TENGAH"
"Populasi Sapi Potong menurut Provinsi";"Tidak Ada";2000;Tahun;206714;"DI YOGYAKARTA"
"Populasi Sapi Potong menurut Provinsi";"Tidak Ada";2000;Tahun;3312015;"JAWA TIMUR"
"Populasi Sapi Potong menurut Provinsi";"Tidak Ada";2000;Tahun;0;BANTEN
"Populasi Sapi Potong menurut Provinsi";"Tidak Ada";2000;Tahun;529074;BALI
"Populasi Sapi Potong menurut Provinsi";"Tidak Ada";2000;Tahun;376526;"NUSA TENGGARA BARAT"
"Populasi Sapi Potong menurut Provinsi";"Tidak Ada";2000;Tahun;485329;"NUSA TENGGARA TIMUR"
"Populasi Sapi Potong menurut Provinsi";"Tidak Ada";2000;Tahun;151598;"KALIMANTAN BARAT"
"Populasi Sapi Potong menurut Provinsi";"Tidak Ada";2000;Tahun;45326;"KALIMANTAN TENGAH"
"Populasi Sapi Potong menurut Provinsi";"Tidak Ada";2000;Tahun;143416;"KALIMANTAN SELATAN"
"Populasi Sapi Potong menurut Provinsi";"Tidak Ada";2000;Tahun;50773;"KALIMANTAN TIMUR"
"Populasi Sapi Potong menurut Provinsi";"Tidak Ada";2000;Tahun;0;"KALIMANTAN UTARA"
"Populasi Sapi Potong menurut Provinsi";"Tidak Ada";2000;Tahun;276524;"SULAWESI UTARA"
"Populasi Sapi Potong menurut Provinsi";"Tidak Ada";2000;Tahun;234444;"SULAWESI TENGAH"
"Populasi Sapi Potong menurut Provinsi";"Tidak Ada";2000;Tahun;718139;"SULAWESI SELATAN"
"Populasi Sapi Potong menurut Provinsi";"Tidak Ada";2000;Tahun;300451;"SULAWESI TENGGARA"
"Populasi Sapi Potong menurut Provinsi";"Tidak Ada";2000;Tahun;0;GORONTALO
"Populasi Sapi Potong menurut Provinsi";"Tidak Ada";2000;Tahun;0;"SULAWESI BARAT"
"Populasi Sapi Potong menurut Provinsi";"Tidak Ada";2000;Tahun;97938;MALUKU
"Populasi Sapi Potong menurut Provinsi";"Tidak Ada";2000;Tahun;0;"MALUKU UTARA"
"Populasi Sapi Potong menurut Provinsi";"Tidak Ada";2000;Tahun;0;"PAPUA BARAT"
"Populasi Sapi Potong menurut Provinsi";"Tidak Ada";2000;Tahun;80462;PAPUA
"Populasi Sapi Potong menurut Provinsi";"Tidak Ada";2000;Tahun;11008017;INDONESIA
