"REF_DATE","GEO","DGUID","Livestock","Survey date","UOM","UOM_ID","SCALAR_FACTOR","SCALAR_ID","VECTOR","COORDINATE","VALUE","STATUS","SYMBOL","TERMINATED","DECIMALS"
"1940","Canada","2016A000011124","Sheep and lambs, total","At January 1","Head","148","thousands","3","v62052","1.1.1","1870.1","","","","1"
"1941","Canada","2016A000011124","Sheep and lambs, total","At January 1","Head","148","thousands","3","v62052","1.1.1","1950.6","","","","1"
"1942","Canada","2016A000011124","Sheep and lambs, total","At January 1","Head","148","thousands","3","v62052","1.1.1","2090.3","","","","1"
"1943","Canada","2016A000011124","Sheep and lambs, total","At January 1","Head","148","thousands","3","v62052","1.1.1","2215.9","","","","1"
"1944","Canada","2016A000011124","Sheep and lambs, total","At January 1","Head","148","thousands","3","v62052","1.1.1","2204.0","","","","1"
"1945","Canada","2016A000011124","Sheep and lambs, total","At January 1","Head","148","thousands","3","v62052","1.1.1","1944.5","","","","1"
"1946","Canada","2016A000011124","Sheep and lambs, total","At January 1","Head","148","thousands","3","v62052","1.1.1","1757.1","","","","1"
"1947","Canada","2016A000011124","Sheep and lambs, total","At January 1","Head","148","thousands","3","v62052","1.1.1","1515.7","","","","1"
"1948","Canada","2016A000011124","Sheep and lambs, total","At January 1","Head","148","thousands","3","v62052","1.1.1","1229.0","","","","1"
"1949","Canada","2016A000011124","Sheep and lambs, total","At January 1","Head","148","thousands","3","v62052","1.1.1","1065.0","","","","1"
"1950","Canada","2016A000011124","Sheep and lambs, total","At January 1","Head","148","thousands","3","v62052","1.1.1","967.3","","","","1"
"1951","Canada","2016A000011124","Sheep and lambs, total","At January 1","Head","148","thousands","3","v62052","1.1.1","1015.5","","","","1"
"1952","Canada","2016A000011124","Sheep and lambs, total","At January 1","Head","148","thousands","3","v62052","1.1.1","1061.5","","","","1"
"1953","Canada","2016A000011124","Sheep and lambs, total","At January 1","Head","148","thousands","3","v62052","1.1.1","1073.5","","","","1"
"1954","Canada","2016A000011124","Sheep and lambs, total","At January 1","Head","148","thousands","3","v62052","1.1.1","1114.5","","","","1"
"1955","Canada","2016A000011124","Sheep and lambs, total","At January 1","Head","148","thousands","3","v62052","1.1.1","1106.0","","","","1"
"1956","Canada","2016A000011124","Sheep and lambs, total","At January 1","Head","148","thousands","3","v62052","1.1.1","1067.0","","","","1"
"1957","Canada","2016A000011124","Sheep and lambs, total","At January 1","Head","148","thousands","3","v62052","1.1.1","1082.0","","","","1"
"1958","Canada","2016A000011124","Sheep and lambs, total","At January 1","Head","148","thousands","3","v62052","1.1.1","1066.1","","","","1"
"1959","Canada","2016A000011124","Sheep and lambs, total","At January 1","Head","148","thousands","3","v62052","1.1.1","1058.9","","","","1"
"1960","Canada","2016A000011124","Sheep and lambs, total","At January 1","Head","148","thousands","3","v62052","1.1.1","1051.6","","","","1"
"1961","Canada","2016A000011124","Sheep and lambs, total","At January 1","Head","148","thousands","3","v62052","1.1.1","974.0","","","","1"
"1962","Canada","2016A000011124","Sheep and lambs, total","At January 1","Head","148","thousands","3","v62052","1.1.1","904.0","","","","1"
"1963","Canada","2016A000011124","Sheep and lambs, total","At January 1","Head","148","thousands","3","v62052","1.1.1","848.5","","","","1"
"1964","Canada","2016A000011124","Sheep and lambs, total","At January 1","Head","148","thousands","3","v62052","1.1.1","777.5","","","","1"
"1965","Canada","2016A000011124","Sheep and lambs, total","At January 1","Head","148","thousands","3","v62052","1.1.1","715.0","","","","1"
"1966","Canada","2016A000011124","Sheep and lambs, total","At January 1","Head","148","thousands","3","v62052","1.1.1","673.9","","","","1"
"1967","Canada","2016A000011124","Sheep and lambs, total","At January 1","Head","148","thousands","3","v62052","1.1.1","608.5","","","","1"
"1968","Canada","2016A000011124","Sheep and lambs, total","At January 1","Head","148","thousands","3","v62052","1.1.1","551.0","","","","1"
"1969","Canada","2016A000011124","Sheep and lambs, total","At January 1","Head","148","thousands","3","v62052","1.1.1","528.0","","","","1"
"1970","Canada","2016A000011124","Sheep and lambs, total","At January 1","Head","148","thousands","3","v62052","1.1.1","546.0","","","","1"
"1971","Canada","2016A000011124","Sheep and lambs, total","At January 1","Head","148","thousands","3","v62052","1.1.1","589.6","","","","1"
"1972","Canada","2016A000011124","Sheep and lambs, total","At January 1","Head","148","thousands","3","v62052","1.1.1","565.0","","","","1"
"1973","Canada","2016A000011124","Sheep and lambs, total","At January 1","Head","148","thousands","3","v62052","1.1.1","","x","","","1"
"1974","Canada","2016A000011124","Sheep and lambs, total","At January 1","Head","148","thousands","3","v62052","1.1.1","529.4","","","","1"
"1975","Canada","2016A000011124","Sheep and lambs, total","At January 1","Head","148","thousands","3","v62052","1.1.1","497.1","","","","1"
"1976","Canada","2016A000011124","Sheep and lambs, total","At January 1","Head","148","thousands","3","v62052","1.1.1","458.3","","","","1"
"1977","Canada","2016A000011124","Sheep and lambs, total","At January 1","Head","148","thousands","3","v62052","1.1.1","390.4","","","","1"
"1978","Canada","2016A000011124","Sheep and lambs, total","At January 1","Head","148","thousands","3","v62052","1.1.1","388.0","","","","1"
"1979","Canada","2016A000011124","Sheep and lambs, total","At January 1","Head","148","thousands","3","v62052","1.1.1","425.7","","","","1"
"1980","Canada","2016A000011124","Sheep and lambs, total","At January 1","Head","148","thousands","3","v62052","1.1.1","485.1","","","","1"
"1981","Canada","2016A000011124","Sheep and lambs, total","At January 1","Head","148","thousands","3","v62052","1.1.1","529.9","","","","1"
"1982","Canada","2016A000011124","Sheep and lambs, total","At January 1","Head","148","thousands","3","v62052","1.1.1","571.6","","","","1"
"1983","Canada","2016A000011124","Sheep and lambs, total","At January 1","Head","148","thousands","3","v62052","1.1.1","565.5","","","","1"
"1984","Canada","2016A000011124","Sheep and lambs, total","At January 1","Head","148","thousands","3","v62052","1.1.1","550.3","","","","1"
"1985","Canada","2016A000011124","Sheep and lambs, total","At January 1","Head","148","thousands","3","v62052","1.1.1","513.5","","","","1"
"1986","Canada","2016A000011124","Sheep and lambs, total","At January 1","Head","148","thousands","3","v62052","1.1.1","489.5","","","","1"
"1987","Canada","2016A000011124","Sheep and lambs, total","At January 1","Head","148","thousands","3","v62052","1.1.1","484.9","","","","1"
"1988","Canada","2016A000011124","Sheep and lambs, total","At January 1","Head","148","thousands","3","v62052","1.1.1","520.5","","","","1"
"1989","Canada","2016A000011124","Sheep and lambs, total","At January 1","Head","148","thousands","3","v62052","1.1.1","560.4","","","","1"
"1990","Canada","2016A000011124","Sheep and lambs, total","At January 1","Head","148","thousands","3","v62052","1.1.1","590.5","","","","1"
"1991","Canada","2016A000011124","Sheep and lambs, total","At January 1","Head","148","thousands","3","v62052","1.1.1","628.3","","","","1"
"1992","Canada","2016A000011124","Sheep and lambs, total","At January 1","Head","148","thousands","3","v62052","1.1.1","647.9","","","","1"
"1993","Canada","2016A000011124","Sheep and lambs, total","At January 1","Head","148","thousands","3","v62052","1.1.1","632.5","","","","1"
"1994","Canada","2016A000011124","Sheep and lambs, total","At January 1","Head","148","thousands","3","v62052","1.1.1","639.3","","","","1"
"1995","Canada","2016A000011124","Sheep and lambs, total","At January 1","Head","148","thousands","3","v62052","1.1.1","617.3","","","","1"
"1996","Canada","2016A000011124","Sheep and lambs, total","At January 1","Head","148","thousands","3","v62052","1.1.1","643.0","","","","1"
"1997","Canada","2016A000011124","Sheep and lambs, total","At January 1","Head","148","thousands","3","v62052","1.1.1","627.8","","","","1"
"1998","Canada","2016A000011124","Sheep and lambs, total","At January 1","Head","148","thousands","3","v62052","1.1.1","662.0","","","","1"
"1999","Canada","2016A000011124","Sheep and lambs, total","At January 1","Head","148","thousands","3","v62052","1.1.1","717.0","","","","1"
"2000","Canada","2016A000011124","Sheep and lambs, total","At January 1","Head","148","thousands","3","v62052","1.1.1","793.0","","","","1"
"2001","Canada","2016A000011124","Sheep and lambs, total","At January 1","Head","148","thousands","3","v62052","1.1.1","947.8","","","","1"
"2002","Canada","2016A000011124","Sheep and lambs, total","At January 1","Head","148","thousands","3","v62052","1.1.1","993.6","","","","1"
"2003","Canada","2016A000011124","Sheep and lambs, total","At January 1","Head","148","thousands","3","v62052","1.1.1","975.3","","","","1"
"2004","Canada","2016A000011124","Sheep and lambs, total","At January 1","Head","148","thousands","3","v62052","1.1.1","994.2","","","","1"
"2005","Canada","2016A000011124","Sheep and lambs, total","At January 1","Head","148","thousands","3","v62052","1.1.1","977.6","","","","1"
"2006","Canada","2016A000011124","Sheep and lambs, total","At January 1","Head","148","thousands","3","v62052","1.1.1","893.8","","","","1"
"2007","Canada","2016A000011124","Sheep and lambs, total","At January 1","Head","148","thousands","3","v62052","1.1.1","886.2","","","","1"
"2008","Canada","2016A000011124","Sheep and lambs, total","At January 1","Head","148","thousands","3","v62052","1.1.1","849.5","","","","1"
"2009","Canada","2016A000011124","Sheep and lambs, total","At January 1","Head","148","thousands","3","v62052","1.1.1","843.6","","","","1"
"2010","Canada","2016A000011124","Sheep and lambs, total","At January 1","Head","148","thousands","3","v62052","1.1.1","855.3","","","","1"
"2011","Canada","2016A000011124","Sheep and lambs, total","At January 1","Head","148","thousands","3","v62052","1.1.1","879.9","","","","1"
"2012","Canada","2016A000011124","Sheep and lambs, total","At January 1","Head","148","thousands","3","v62052","1.1.1","883.2","","","","1"
"2013","Canada","2016A000011124","Sheep and lambs, total","At January 1","Head","148","thousands","3","v62052","1.1.1","892.9","","","","1"
"2014","Canada","2016A000011124","Sheep and lambs, total","At January 1","Head","148","thousands","3","v62052","1.1.1","860.7","","","","1"
"2015","Canada","2016A000011124","Sheep and lambs, total","At January 1","Head","148","thousands","3","v62052","1.1.1","824.3","","","","1"
"2016","Canada","2016A000011124","Sheep and lambs, total","At January 1","Head","148","thousands","3","v62052","1.1.1","815.1","","","","1"
"2017","Canada","2016A000011124","Sheep and lambs, total","At January 1","Head","148","thousands","3","v62052","1.1.1","813.9","","","","1"
"2018","Canada","2016A000011124","Sheep and lambs, total","At January 1","Head","148","thousands","3","v62052","1.1.1","829.4","","","","1"
"2019","Canada","2016A000011124","Sheep and lambs, total","At January 1","Head","148","thousands","3","v62052","1.1.1","827.9","","","","1"
"2020","Canada","2016A000011124","Sheep and lambs, total","At January 1","Head","148","thousands","3","v62052","1.1.1","810.8","","","","1"
"2021","Canada","2016A000011124","Sheep and lambs, total","At January 1","Head","148","thousands","3","v62052","1.1.1","813.7","","","","1"
"2022","Canada","2016A000011124","Sheep and lambs, total","At January 1","Head","148","thousands","3","v62052","1.1.1","822.2","","","","1"
"2023","Canada","2016A000011124","Sheep and lambs, total","At January 1","Head","148","thousands","3","v62052","1.1.1","846.1","","","","1"
"1906","Canada","2016A000011124","Sheep and lambs, total","At July 1","Head","148","thousands","3","v61975","1.1.2","2543.0","","","","1"
"1907","Canada","2016A000011124","Sheep and lambs, total","At July 1","Head","148","thousands","3","v61975","1.1.2","2350.1","","","","1"
"1908","Canada","2016A000011124","Sheep and lambs, total","At July 1","Head","148","thousands","3","v61975","1.1.2","2380.3","","","","1"
"1909","Canada","2016A000011124","Sheep and lambs, total","At July 1","Head","148","thousands","3","v61975","1.1.2","2327.0","","","","1"
"1910","Canada","2016A000011124","Sheep and lambs, total","At July 1","Head","148","thousands","3","v61975","1.1.2","2245.6","","","","1"
"1911","Canada","2016A000011124","Sheep and lambs, total","At July 1","Head","148","thousands","3","v61975","1.1.2","2174.3","","","","1"
"1912","Canada","2016A000011124","Sheep and lambs, total","At July 1","Head","148","thousands","3","v61975","1.1.2","2171.5","","","","1"
"1913","Canada","2016A000011124","Sheep and lambs, total","At July 1","Head","148","thousands","3","v61975","1.1.2","2333.3","","","","1"
"1914","Canada","2016A000011124","Sheep and lambs, total","At July 1","Head","148","thousands","3","v61975","1.1.2","2310.3","","","","1"
"1915","Canada","2016A000011124","Sheep and lambs, total","At July 1","Head","148","thousands","3","v61975","1.1.2","2358.6","","","","1"
"1916","Canada","2016A000011124","Sheep and lambs, total","At July 1","Head","148","thousands","3","v61975","1.1.2","2333.9","","","","1"
"1917","Canada","2016A000011124","Sheep and lambs, total","At July 1","Head","148","thousands","3","v61975","1.1.2","2421.9","","","","1"
"1918","Canada","2016A000011124","Sheep and lambs, total","At July 1","Head","148","thousands","3","v61975","1.1.2","2636.4","","","","1"
"1919","Canada","2016A000011124","Sheep and lambs, total","At July 1","Head","148","thousands","3","v61975","1.1.2","2948.7","","","","1"
"1920","Canada","2016A000011124","Sheep and lambs, total","At July 1","Head","148","thousands","3","v61975","1.1.2","3179.1","","","","1"
"1921","Canada","2016A000011124","Sheep and lambs, total","At July 1","Head","148","thousands","3","v61975","1.1.2","3200.5","","","","1"
"1922","Canada","2016A000011124","Sheep and lambs, total","At July 1","Head","148","thousands","3","v61975","1.1.2","3045.3","","","","1"
"1923","Canada","2016A000011124","Sheep and lambs, total","At July 1","Head","148","thousands","3","v61975","1.1.2","2600.9","","","","1"
"1924","Canada","2016A000011124","Sheep and lambs, total","At July 1","Head","148","thousands","3","v61975","1.1.2","2498.8","","","","1"
"1925","Canada","2016A000011124","Sheep and lambs, total","At July 1","Head","148","thousands","3","v61975","1.1.2","2628.4","","","","1"
"1926","Canada","2016A000011124","Sheep and lambs, total","At July 1","Head","148","thousands","3","v61975","1.1.2","2829.7","","","","1"
"1927","Canada","2016A000011124","Sheep and lambs, total","At July 1","Head","148","thousands","3","v61975","1.1.2","2967.6","","","","1"
"1928","Canada","2016A000011124","Sheep and lambs, total","At July 1","Head","148","thousands","3","v61975","1.1.2","3128.3","","","","1"
"1929","Canada","2016A000011124","Sheep and lambs, total","At July 1","Head","148","thousands","3","v61975","1.1.2","3350.3","","","","1"
"1930","Canada","2016A000011124","Sheep and lambs, total","At July 1","Head","148","thousands","3","v61975","1.1.2","3438.0","","","","1"
"1931","Canada","2016A000011124","Sheep and lambs, total","At July 1","Head","148","thousands","3","v61975","1.1.2","3627.1","","","","1"
"1932","Canada","2016A000011124","Sheep and lambs, total","At July 1","Head","148","thousands","3","v61975","1.1.2","3603.9","","","","1"
"1933","Canada","2016A000011124","Sheep and lambs, total","At July 1","Head","148","thousands","3","v61975","1.1.2","3307.4","","","","1"
"1934","Canada","2016A000011124","Sheep and lambs, total","At July 1","Head","148","thousands","3","v61975","1.1.2","3291.4","","","","1"
"1935","Canada","2016A000011124","Sheep and lambs, total","At July 1","Head","148","thousands","3","v61975","1.1.2","3223.9","","","","1"
"1936","Canada","2016A000011124","Sheep and lambs, total","At July 1","Head","148","thousands","3","v61975","1.1.2","3159.4","","","","1"
"1937","Canada","2016A000011124","Sheep and lambs, total","At July 1","Head","148","thousands","3","v61975","1.1.2","3071.2","","","","1"
"1938","Canada","2016A000011124","Sheep and lambs, total","At July 1","Head","148","thousands","3","v61975","1.1.2","3046.8","","","","1"
"1939","Canada","2016A000011124","Sheep and lambs, total","At July 1","Head","148","thousands","3","v61975","1.1.2","2911.4","","","","1"
"1940","Canada","2016A000011124","Sheep and lambs, total","At July 1","Head","148","thousands","3","v61975","1.1.2","2886.6","","","","1"
"1941","Canada","2016A000011124","Sheep and lambs, total","At July 1","Head","148","thousands","3","v61975","1.1.2","2839.8","","","","1"
"1942","Canada","2016A000011124","Sheep and lambs, total","At July 1","Head","148","thousands","3","v61975","1.1.2","2971.8","","","","1"
"1943","Canada","2016A000011124","Sheep and lambs, total","At July 1","Head","148","thousands","3","v61975","1.1.2","3107.1","","","","1"
"1944","Canada","2016A000011124","Sheep and lambs, total","At July 1","Head","148","thousands","3","v61975","1.1.2","3212.9","","","","1"
"1945","Canada","2016A000011124","Sheep and lambs, total","At July 1","Head","148","thousands","3","v61975","1.1.2","3032.2","","","","1"
"1946","Canada","2016A000011124","Sheep and lambs, total","At July 1","Head","148","thousands","3","v61975","1.1.2","2791.7","","","","1"
"1947","Canada","2016A000011124","Sheep and lambs, total","At July 1","Head","148","thousands","3","v61975","1.1.2","2464.8","","","","1"
"1948","Canada","2016A000011124","Sheep and lambs, total","At July 1","Head","148","thousands","3","v61975","1.1.2","2049.9","","","","1"
"1949","Canada","2016A000011124","Sheep and lambs, total","At July 1","Head","148","thousands","3","v61975","1.1.2","1772.9","","","","1"
"1950","Canada","2016A000011124","Sheep and lambs, total","At July 1","Head","148","thousands","3","v61975","1.1.2","1578.6","","","","1"
"1951","Canada","2016A000011124","Sheep and lambs, total","At July 1","Head","148","thousands","3","v61975","1.1.2","1461.2","","","","1"
"1952","Canada","2016A000011124","Sheep and lambs, total","At July 1","Head","148","thousands","3","v61975","1.1.2","1534.0","","","","1"
"1953","Canada","2016A000011124","Sheep and lambs, total","At July 1","Head","148","thousands","3","v61975","1.1.2","1592.5","","","","1"
"1954","Canada","2016A000011124","Sheep and lambs, total","At July 1","Head","148","thousands","3","v61975","1.1.2","1635.6","","","","1"
"1955","Canada","2016A000011124","Sheep and lambs, total","At July 1","Head","148","thousands","3","v61975","1.1.2","1634.0","","","","1"
"1956","Canada","2016A000011124","Sheep and lambs, total","At July 1","Head","148","thousands","3","v61975","1.1.2","1619.7","","","","1"
"1957","Canada","2016A000011124","Sheep and lambs, total","At July 1","Head","148","thousands","3","v61975","1.1.2","1628.5","","","","1"
"1958","Canada","2016A000011124","Sheep and lambs, total","At July 1","Head","148","thousands","3","v61975","1.1.2","1629.5","","","","1"
"1959","Canada","2016A000011124","Sheep and lambs, total","At July 1","Head","148","thousands","3","v61975","1.1.2","1608.5","","","","1"
"1960","Canada","2016A000011124","Sheep and lambs, total","At July 1","Head","148","thousands","3","v61975","1.1.2","1607.0","","","","1"
"1961","Canada","2016A000011124","Sheep and lambs, total","At July 1","Head","148","thousands","3","v61975","1.1.2","1548.3","","","","1"
"1962","Canada","2016A000011124","Sheep and lambs, total","At July 1","Head","148","thousands","3","v61975","1.1.2","1449.0","","","","1"
"1963","Canada","2016A000011124","Sheep and lambs, total","At July 1","Head","148","thousands","3","v61975","1.1.2","1346.0","","","","1"
"1964","Canada","2016A000011124","Sheep and lambs, total","At July 1","Head","148","thousands","3","v61975","1.1.2","1272.0","","","","1"
"1965","Canada","2016A000011124","Sheep and lambs, total","At July 1","Head","148","thousands","3","v61975","1.1.2","1132.0","","","","1"
"1966","Canada","2016A000011124","Sheep and lambs, total","At July 1","Head","148","thousands","3","v61975","1.1.2","1005.5","","","","1"
"1967","Canada","2016A000011124","Sheep and lambs, total","At July 1","Head","148","thousands","3","v61975","1.1.2","922.0","","","","1"
"1968","Canada","2016A000011124","Sheep and lambs, total","At July 1","Head","148","thousands","3","v61975","1.1.2","829.2","","","","1"
"1969","Canada","2016A000011124","Sheep and lambs, total","At July 1","Head","148","thousands","3","v61975","1.1.2","796.0","","","","1"
"1970","Canada","2016A000011124","Sheep and lambs, total","At July 1","Head","148","thousands","3","v61975","1.1.2","796.0","","","","1"
"1971","Canada","2016A000011124","Sheep and lambs, total","At July 1","Head","148","thousands","3","v61975","1.1.2","851.3","","","","1"
"1972","Canada","2016A000011124","Sheep and lambs, total","At July 1","Head","148","thousands","3","v61975","1.1.2","826.8","","","","1"
"1973","Canada","2016A000011124","Sheep and lambs, total","At July 1","Head","148","thousands","3","v61975","1.1.2","778.8","","","","1"
"1974","Canada","2016A000011124","Sheep and lambs, total","At July 1","Head","148","thousands","3","v61975","1.1.2","729.8","","","","1"
"1975","Canada","2016A000011124","Sheep and lambs, total","At July 1","Head","148","thousands","3","v61975","1.1.2","649.6","","","","1"
"1976","Canada","2016A000011124","Sheep and lambs, total","At July 1","Head","148","thousands","3","v61975","1.1.2","577.2","","","","1"
"1977","Canada","2016A000011124","Sheep and lambs, total","At July 1","Head","148","thousands","3","v61975","1.1.2","558.6","","","","1"
"1978","Canada","2016A000011124","Sheep and lambs, total","At July 1","Head","148","thousands","3","v61975","1.1.2","587.2","","","","1"
"1979","Canada","2016A000011124","Sheep and lambs, total","At July 1","Head","148","thousands","3","v61975","1.1.2","648.7","","","","1"
"1980","Canada","2016A000011124","Sheep and lambs, total","At July 1","Head","148","thousands","3","v61975","1.1.2","733.8","","","","1"
"1981","Canada","2016A000011124","Sheep and lambs, total","At July 1","Head","148","thousands","3","v61975","1.1.2","803.2","","","","1"
"1982","Canada","2016A000011124","Sheep and lambs, total","At July 1","Head","148","thousands","3","v61975","1.1.2","811.9","","","","1"
"1983","Canada","2016A000011124","Sheep and lambs, total","At July 1","Head","148","thousands","3","v61975","1.1.2","802.9","","","","1"
"1984","Canada","2016A000011124","Sheep and lambs, total","At July 1","Head","148","thousands","3","v61975","1.1.2","768.8","","","","1"
"1985","Canada","2016A000011124","Sheep and lambs, total","At July 1","Head","148","thousands","3","v61975","1.1.2","720.3","","","","1"
"1986","Canada","2016A000011124","Sheep and lambs, total","At July 1","Head","148","thousands","3","v61975","1.1.2","694.9","","","","1"
"1987","Canada","2016A000011124","Sheep and lambs, total","At July 1","Head","148","thousands","3","v61975","1.1.2","731.3","","","","1"
"1988","Canada","2016A000011124","Sheep and lambs, total","At July 1","Head","148","thousands","3","v61975","1.1.2","788.9","","","","1"
"1989","Canada","2016A000011124","Sheep and lambs, total","At July 1","Head","148","thousands","3","v61975","1.1.2","827.5","","","","1"
"1990","Canada","2016A000011124","Sheep and lambs, total","At July 1","Head","148","thousands","3","v61975","1.1.2","874.4","","","","1"
"1991","Canada","2016A000011124","Sheep and lambs, total","At July 1","Head","148","thousands","3","v61975","1.1.2","917.8","","","","1"
"1992","Canada","2016A000011124","Sheep and lambs, total","At July 1","Head","148","thousands","3","v61975","1.1.2","897.1","","","","1"
"1993","Canada","2016A000011124","Sheep and lambs, total","At July 1","Head","148","thousands","3","v61975","1.1.2","883.0","","","","1"
"1994","Canada","2016A000011124","Sheep and lambs, total","At July 1","Head","148","thousands","3","v61975","1.1.2","825.6","","","","1"
"1995","Canada","2016A000011124","Sheep and lambs, total","At July 1","Head","148","thousands","3","v61975","1.1.2","857.6","","","","1"
"1996","Canada","2016A000011124","Sheep and lambs, total","At July 1","Head","148","thousands","3","v61975","1.1.2","846.7","","","","1"
"1997","Canada","2016A000011124","Sheep and lambs, total","At July 1","Head","148","thousands","3","v61975","1.1.2","821.5","","","","1"
"1998","Canada","2016A000011124","Sheep and lambs, total","At July 1","Head","148","thousands","3","v61975","1.1.2","892.0","","","","1"
"1999","Canada","2016A000011124","Sheep and lambs, total","At July 1","Head","148","thousands","3","v61975","1.1.2","979.0","","","","1"
"2000","Canada","2016A000011124","Sheep and lambs, total","At July 1","Head","148","thousands","3","v61975","1.1.2","1105.3","","","","1"
"2001","Canada","2016A000011124","Sheep and lambs, total","At July 1","Head","148","thousands","3","v61975","1.1.2","1247.7","","","","1"
"2002","Canada","2016A000011124","Sheep and lambs, total","At July 1","Head","148","thousands","3","v61975","1.1.2","1252.1","","","","1"
"2003","Canada","2016A000011124","Sheep and lambs, total","At July 1","Head","148","thousands","3","v61975","1.1.2","1247.2","","","","1"
"2004","Canada","2016A000011124","Sheep and lambs, total","At July 1","Head","148","thousands","3","v61975","1.1.2","1240.5","","","","1"
"2005","Canada","2016A000011124","Sheep and lambs, total","At July 1","Head","148","thousands","3","v61975","1.1.2","1190.5","","","","1"
"2006","Canada","2016A000011124","Sheep and lambs, total","At July 1","Head","148","thousands","3","v61975","1.1.2","1151.2","","","","1"
"2007","Canada","2016A000011124","Sheep and lambs, total","At July 1","Head","148","thousands","3","v61975","1.1.2","1109.9","","","","1"
"2008","Canada","2016A000011124","Sheep and lambs, total","At July 1","Head","148","thousands","3","v61975","1.1.2","1090.8","","","","1"
"2009","Canada","2016A000011124","Sheep and lambs, total","At July 1","Head","148","thousands","3","v61975","1.1.2","1104.4","","","","1"
"2010","Canada","2016A000011124","Sheep and lambs, total","At July 1","Head","148","thousands","3","v61975","1.1.2","1104.7","","","","1"
"2011","Canada","2016A000011124","Sheep and lambs, total","At July 1","Head","148","thousands","3","v61975","1.1.2","1138.0","","","","1"
"2012","Canada","2016A000011124","Sheep and lambs, total","At July 1","Head","148","thousands","3","v61975","1.1.2","1131.2","","","","1"
"2013","Canada","2016A000011124","Sheep and lambs, total","At July 1","Head","148","thousands","3","v61975","1.1.2","1115.6","","","","1"
"2014","Canada","2016A000011124","Sheep and lambs, total","At July 1","Head","148","thousands","3","v61975","1.1.2","1073.0","","","","1"
"2015","Canada","2016A000011124","Sheep and lambs, total","At July 1","Head","148","thousands","3","v61975","1.1.2","1053.7","","","","1"
"2016","Canada","2016A000011124","Sheep and lambs, total","At July 1","Head","148","thousands","3","v61975","1.1.2","1052.1","","","","1"
"2017","Canada","2016A000011124","Sheep and lambs, total","At July 1","Head","148","thousands","3","v61975","1.1.2","1048.0","","","","1"
"2018","Canada","2016A000011124","Sheep and lambs, total","At July 1","Head","148","thousands","3","v61975","1.1.2","1060.4","","","","1"
"2019","Canada","2016A000011124","Sheep and lambs, total","At July 1","Head","148","thousands","3","v61975","1.1.2","1050.1","","","","1"
"2020","Canada","2016A000011124","Sheep and lambs, total","At July 1","Head","148","thousands","3","v61975","1.1.2","1043.1","","","","1"
"2021","Canada","2016A000011124","Sheep and lambs, total","At July 1","Head","148","thousands","3","v61975","1.1.2","1052.3","","","","1"
"2022","Canada","2016A000011124","Sheep and lambs, total","At July 1","Head","148","thousands","3","v61975","1.1.2","1071.0","","","","1"
"2023","Canada","2016A000011124","Sheep and lambs, total","At July 1","Head","148","thousands","3","v61975","1.1.2","1054.5","","","","1"
"1940","Canada","2016A000011124","Sheep, 1 year or older","At January 1","Head","148","thousands","3","v62053","1.2.1","1405.6","","","","1"
"1941","Canada","2016A000011124","Sheep, 1 year or older","At January 1","Head","148","thousands","3","v62053","1.2.1","1466.3","","","","1"
"1942","Canada","2016A000011124","Sheep, 1 year or older","At January 1","Head","148","thousands","3","v62053","1.2.1","1552.8","","","","1"
"1943","Canada","2016A000011124","Sheep, 1 year or older","At January 1","Head","148","thousands","3","v62053","1.2.1","1638.7","","","","1"
"1944","Canada","2016A000011124","Sheep, 1 year or older","At January 1","Head","148","thousands","3","v62053","1.2.1","1639.1","","","","1"
"1945","Canada","2016A000011124","Sheep, 1 year or older","At January 1","Head","148","thousands","3","v62053","1.2.1","1471.9","","","","1"
"1946","Canada","2016A000011124","Sheep, 1 year or older","At January 1","Head","148","thousands","3","v62053","1.2.1","1305.0","","","","1"
"1947","Canada","2016A000011124","Sheep, 1 year or older","At January 1","Head","148","thousands","3","v62053","1.2.1","1158.6","","","","1"
"1948","Canada","2016A000011124","Sheep, 1 year or older","At January 1","Head","148","thousands","3","v62053","1.2.1","962.7","","","","1"
"1949","Canada","2016A000011124","Sheep, 1 year or older","At January 1","Head","148","thousands","3","v62053","1.2.1","790.9","","","","1"
"1950","Canada","2016A000011124","Sheep, 1 year or older","At January 1","Head","148","thousands","3","v62053","1.2.1","734.6","","","","1"
"1951","Canada","2016A000011124","Sheep, 1 year or older","At January 1","Head","148","thousands","3","v62053","1.2.1","713.7","","","","1"
"1952","Canada","2016A000011124","Sheep, 1 year or older","At January 1","Head","148","thousands","3","v62053","1.2.1","761.2","","","","1"
"1953","Canada","2016A000011124","Sheep, 1 year or older","At January 1","Head","148","thousands","3","v62053","1.2.1","792.0","","","","1"
"1954","Canada","2016A000011124","Sheep, 1 year or older","At January 1","Head","148","thousands","3","v62053","1.2.1","803.5","","","","1"
"1955","Canada","2016A000011124","Sheep, 1 year or older","At January 1","Head","148","thousands","3","v62053","1.2.1","801.5","","","","1"
"1956","Canada","2016A000011124","Sheep, 1 year or older","At January 1","Head","148","thousands","3","v62053","1.2.1","792.0","","","","1"
"1957","Canada","2016A000011124","Sheep, 1 year or older","At January 1","Head","148","thousands","3","v62053","1.2.1","777.7","","","","1"
"1958","Canada","2016A000011124","Sheep, 1 year or older","At January 1","Head","148","thousands","3","v62053","1.2.1","769.0","","","","1"
"1959","Canada","2016A000011124","Sheep, 1 year or older","At January 1","Head","148","thousands","3","v62053","1.2.1","777.0","","","","1"
"1960","Canada","2016A000011124","Sheep, 1 year or older","At January 1","Head","148","thousands","3","v62053","1.2.1","757.0","","","","1"
"1961","Canada","2016A000011124","Sheep, 1 year or older","At January 1","Head","148","thousands","3","v62053","1.2.1","716.0","","","","1"
"1962","Canada","2016A000011124","Sheep, 1 year or older","At January 1","Head","148","thousands","3","v62053","1.2.1","650.4","","","","1"
"1963","Canada","2016A000011124","Sheep, 1 year or older","At January 1","Head","148","thousands","3","v62053","1.2.1","608.5","","","","1"
"1964","Canada","2016A000011124","Sheep, 1 year or older","At January 1","Head","148","thousands","3","v62053","1.2.1","549.0","","","","1"
"1965","Canada","2016A000011124","Sheep, 1 year or older","At January 1","Head","148","thousands","3","v62053","1.2.1","486.3","","","","1"
"1966","Canada","2016A000011124","Sheep, 1 year or older","At January 1","Head","148","thousands","3","v62053","1.2.1","463.7","","","","1"
"1967","Canada","2016A000011124","Sheep, 1 year or older","At January 1","Head","148","thousands","3","v62053","1.2.1","421.0","","","","1"
"1968","Canada","2016A000011124","Sheep, 1 year or older","At January 1","Head","148","thousands","3","v62053","1.2.1","385.6","","","","1"
"1969","Canada","2016A000011124","Sheep, 1 year or older","At January 1","Head","148","thousands","3","v62053","1.2.1","379.2","","","","1"
"1970","Canada","2016A000011124","Sheep, 1 year or older","At January 1","Head","148","thousands","3","v62053","1.2.1","391.5","","","","1"
"1971","Canada","2016A000011124","Sheep, 1 year or older","At January 1","Head","148","thousands","3","v62053","1.2.1","423.7","","","","1"
"1972","Canada","2016A000011124","Sheep, 1 year or older","At January 1","Head","148","thousands","3","v62053","1.2.1","415.9","","","","1"
"1973","Canada","2016A000011124","Sheep, 1 year or older","At January 1","Head","148","thousands","3","v62053","1.2.1","","x","","","1"
"1974","Canada","2016A000011124","Sheep, 1 year or older","At January 1","Head","148","thousands","3","v62053","1.2.1","390.4","","","","1"
"1975","Canada","2016A000011124","Sheep, 1 year or older","At January 1","Head","148","thousands","3","v62053","1.2.1","363.1","","","","1"
"1976","Canada","2016A000011124","Sheep, 1 year or older","At January 1","Head","148","thousands","3","v62053","1.2.1","345.1","","","","1"
"1977","Canada","2016A000011124","Sheep, 1 year or older","At January 1","Head","148","thousands","3","v62053","1.2.1","287.0","","","","1"
"1978","Canada","2016A000011124","Sheep, 1 year or older","At January 1","Head","148","thousands","3","v62053","1.2.1","292.8","","","","1"
"1979","Canada","2016A000011124","Sheep, 1 year or older","At January 1","Head","148","thousands","3","v62053","1.2.1","315.4","","","","1"
"1980","Canada","2016A000011124","Sheep, 1 year or older","At January 1","Head","148","thousands","3","v62053","1.2.1","348.1","","","","1"
"1981","Canada","2016A000011124","Sheep, 1 year or older","At January 1","Head","148","thousands","3","v62053","1.2.1","382.8","","","","1"
"1982","Canada","2016A000011124","Sheep, 1 year or older","At January 1","Head","148","thousands","3","v62053","1.2.1","415.3","","","","1"
"1983","Canada","2016A000011124","Sheep, 1 year or older","At January 1","Head","148","thousands","3","v62053","1.2.1","404.3","","","","1"
"1984","Canada","2016A000011124","Sheep, 1 year or older","At January 1","Head","148","thousands","3","v62053","1.2.1","392.8","","","","1"
"1985","Canada","2016A000011124","Sheep, 1 year or older","At January 1","Head","148","thousands","3","v62053","1.2.1","370.5","","","","1"
"1986","Canada","2016A000011124","Sheep, 1 year or older","At January 1","Head","148","thousands","3","v62053","1.2.1","353.0","","","","1"
"1987","Canada","2016A000011124","Sheep, 1 year or older","At January 1","Head","148","thousands","3","v62053","1.2.1","351.7","","","","1"
"1988","Canada","2016A000011124","Sheep, 1 year or older","At January 1","Head","148","thousands","3","v62053","1.2.1","364.0","","","","1"
"1989","Canada","2016A000011124","Sheep, 1 year or older","At January 1","Head","148","thousands","3","v62053","1.2.1","384.6","","","","1"
"1990","Canada","2016A000011124","Sheep, 1 year or older","At January 1","Head","148","thousands","3","v62053","1.2.1","405.5","","","","1"
"1991","Canada","2016A000011124","Sheep, 1 year or older","At January 1","Head","148","thousands","3","v62053","1.2.1","428.5","","","","1"
"1992","Canada","2016A000011124","Sheep, 1 year or older","At January 1","Head","148","thousands","3","v62053","1.2.1","464.5","","","","1"
"1993","Canada","2016A000011124","Sheep, 1 year or older","At January 1","Head","148","thousands","3","v62053","1.2.1","468.8","","","","1"
"1994","Canada","2016A000011124","Sheep, 1 year or older","At January 1","Head","148","thousands","3","v62053","1.2.1","466.3","","","","1"
"1995","Canada","2016A000011124","Sheep, 1 year or older","At January 1","Head","148","thousands","3","v62053","1.2.1","441.1","","","","1"
"1996","Canada","2016A000011124","Sheep, 1 year or older","At January 1","Head","148","thousands","3","v62053","1.2.1","456.4","","","","1"
"1997","Canada","2016A000011124","Sheep, 1 year or older","At January 1","Head","148","thousands","3","v62053","1.2.1","447.4","","","","1"
"1998","Canada","2016A000011124","Sheep, 1 year or older","At January 1","Head","148","thousands","3","v62053","1.2.1","464.8","","","","1"
"1999","Canada","2016A000011124","Sheep, 1 year or older","At January 1","Head","148","thousands","3","v62053","1.2.1","490.1","","","","1"
"2000","Canada","2016A000011124","Sheep, 1 year or older","At January 1","Head","148","thousands","3","v62053","1.2.1","542.5","","","","1"
"2001","Canada","2016A000011124","Sheep, 1 year or older","At January 1","Head","148","thousands","3","v62053","1.2.1","605.7","","","","1"
"2002","Canada","2016A000011124","Sheep, 1 year or older","At January 1","Head","148","thousands","3","v62053","1.2.1","644.4","","","","1"
"2003","Canada","2016A000011124","Sheep, 1 year or older","At January 1","Head","148","thousands","3","v62053","1.2.1","641.3","","","","1"
"2004","Canada","2016A000011124","Sheep, 1 year or older","At January 1","Head","148","thousands","3","v62053","1.2.1","640.7","","","","1"
"2005","Canada","2016A000011124","Sheep, 1 year or older","At January 1","Head","148","thousands","3","v62053","1.2.1","632.8","","","","1"
"2006","Canada","2016A000011124","Sheep, 1 year or older","At January 1","Head","148","thousands","3","v62053","1.2.1","588.9","","","","1"
"2007","Canada","2016A000011124","Sheep, 1 year or older","At January 1","Head","148","thousands","3","v62053","1.2.1","588.1","","","","1"
"2008","Canada","2016A000011124","Sheep, 1 year or older","At January 1","Head","148","thousands","3","v62053","1.2.1","570.7","","","","1"
"2009","Canada","2016A000011124","Sheep, 1 year or older","At January 1","Head","148","thousands","3","v62053","1.2.1","566.1","","","","1"
"2010","Canada","2016A000011124","Sheep, 1 year or older","At January 1","Head","148","thousands","3","v62053","1.2.1","566.4","","","","1"
"2011","Canada","2016A000011124","Sheep, 1 year or older","At January 1","Head","148","thousands","3","v62053","1.2.1","583.5","","","","1"
"2012","Canada","2016A000011124","Sheep, 1 year or older","At January 1","Head","148","thousands","3","v62053","1.2.1","579.7","","","","1"
"2013","Canada","2016A000011124","Sheep, 1 year or older","At January 1","Head","148","thousands","3","v62053","1.2.1","576.4","","","","1"
"2014","Canada","2016A000011124","Sheep, 1 year or older","At January 1","Head","148","thousands","3","v62053","1.2.1","565.1","","","","1"
"2015","Canada","2016A000011124","Sheep, 1 year or older","At January 1","Head","148","thousands","3","v62053","1.2.1","549.3","","","","1"
"2016","Canada","2016A000011124","Sheep, 1 year or older","At January 1","Head","148","thousands","3","v62053","1.2.1","541.3","","","","1"
"2017","Canada","2016A000011124","Sheep, 1 year or older","At January 1","Head","148","thousands","3","v62053","1.2.1","535.1","","","","1"
"2018","Canada","2016A000011124","Sheep, 1 year or older","At January 1","Head","148","thousands","3","v62053","1.2.1","536.5","","","","1"
"2019","Canada","2016A000011124","Sheep, 1 year or older","At January 1","Head","148","thousands","3","v62053","1.2.1","532.8","","","","1"
"2020","Canada","2016A000011124","Sheep, 1 year or older","At January 1","Head","148","thousands","3","v62053","1.2.1","525.9","","","","1"
"2021","Canada","2016A000011124","Sheep, 1 year or older","At January 1","Head","148","thousands","3","v62053","1.2.1","524.6","","","","1"
"2022","Canada","2016A000011124","Sheep, 1 year or older","At January 1","Head","148","thousands","3","v62053","1.2.1","523.4","","","","1"
"2023","Canada","2016A000011124","Sheep, 1 year or older","At January 1","Head","148","thousands","3","v62053","1.2.1","520.4","","","","1"
"1906","Canada","2016A000011124","Sheep, 1 year or older","At July 1","Head","148","thousands","3","v61976","1.2.2","1393.5","","","","1"
"1907","Canada","2016A000011124","Sheep, 1 year or older","At July 1","Head","148","thousands","3","v61976","1.2.2","1289.4","","","","1"
"1908","Canada","2016A000011124","Sheep, 1 year or older","At July 1","Head","148","thousands","3","v61976","1.2.2","1304.8","","","","1"
"1909","Canada","2016A000011124","Sheep, 1 year or older","At July 1","Head","148","thousands","3","v61976","1.2.2","1275.3","","","","1"
"1910","Canada","2016A000011124","Sheep, 1 year or older","At July 1","Head","148","thousands","3","v61976","1.2.2","1230.6","","","","1"
"1911","Canada","2016A000011124","Sheep, 1 year or older","At July 1","Head","148","thousands","3","v61976","1.2.2","1190.3","","","","1"
"1912","Canada","2016A000011124","Sheep, 1 year or older","At July 1","Head","148","thousands","3","v61976","1.2.2","1188.9","","","","1"
"1913","Canada","2016A000011124","Sheep, 1 year or older","At July 1","Head","148","thousands","3","v61976","1.2.2","1281.6","","","","1"
"1914","Canada","2016A000011124","Sheep, 1 year or older","At July 1","Head","148","thousands","3","v61976","1.2.2","1271.9","","","","1"
"1915","Canada","2016A000011124","Sheep, 1 year or older","At July 1","Head","148","thousands","3","v61976","1.2.2","1300.4","","","","1"
"1916","Canada","2016A000011124","Sheep, 1 year or older","At July 1","Head","148","thousands","3","v61976","1.2.2","1286.2","","","","1"
"1917","Canada","2016A000011124","Sheep, 1 year or older","At July 1","Head","148","thousands","3","v61976","1.2.2","1333.0","","","","1"
"1918","Canada","2016A000011124","Sheep, 1 year or older","At July 1","Head","148","thousands","3","v61976","1.2.2","1450.8","","","","1"
"1919","Canada","2016A000011124","Sheep, 1 year or older","At July 1","Head","148","thousands","3","v61976","1.2.2","1622.2","","","","1"
"1920","Canada","2016A000011124","Sheep, 1 year or older","At July 1","Head","148","thousands","3","v61976","1.2.2","1768.4","","","","1"
"1921","Canada","2016A000011124","Sheep, 1 year or older","At July 1","Head","148","thousands","3","v61976","1.2.2","1776.4","","","","1"
"1922","Canada","2016A000011124","Sheep, 1 year or older","At July 1","Head","148","thousands","3","v61976","1.2.2","1686.4","","","","1"
"1923","Canada","2016A000011124","Sheep, 1 year or older","At July 1","Head","148","thousands","3","v61976","1.2.2","1428.2","","","","1"
"1924","Canada","2016A000011124","Sheep, 1 year or older","At July 1","Head","148","thousands","3","v61976","1.2.2","1356.8","","","","1"
"1925","Canada","2016A000011124","Sheep, 1 year or older","At July 1","Head","148","thousands","3","v61976","1.2.2","1451.3","","","","1"
"1926","Canada","2016A000011124","Sheep, 1 year or older","At July 1","Head","148","thousands","3","v61976","1.2.2","1563.4","","","","1"
"1927","Canada","2016A000011124","Sheep, 1 year or older","At July 1","Head","148","thousands","3","v61976","1.2.2","1650.2","","","","1"
"1928","Canada","2016A000011124","Sheep, 1 year or older","At July 1","Head","148","thousands","3","v61976","1.2.2","1758.1","","","","1"
"1929","Canada","2016A000011124","Sheep, 1 year or older","At July 1","Head","148","thousands","3","v61976","1.2.2","1831.6","","","","1"
"1930","Canada","2016A000011124","Sheep, 1 year or older","At July 1","Head","148","thousands","3","v61976","1.2.2","1884.4","","","","1"
"1931","Canada","2016A000011124","Sheep, 1 year or older","At July 1","Head","148","thousands","3","v61976","1.2.2","1931.8","","","","1"
"1932","Canada","2016A000011124","Sheep, 1 year or older","At July 1","Head","148","thousands","3","v61976","1.2.2","1955.9","","","","1"
"1933","Canada","2016A000011124","Sheep, 1 year or older","At July 1","Head","148","thousands","3","v61976","1.2.2","1833.0","","","","1"
"1934","Canada","2016A000011124","Sheep, 1 year or older","At July 1","Head","148","thousands","3","v61976","1.2.2","1816.3","","","","1"
"1935","Canada","2016A000011124","Sheep, 1 year or older","At July 1","Head","148","thousands","3","v61976","1.2.2","1764.1","","","","1"
"1936","Canada","2016A000011124","Sheep, 1 year or older","At July 1","Head","148","thousands","3","v61976","1.2.2","1742.6","","","","1"
"1937","Canada","2016A000011124","Sheep, 1 year or older","At July 1","Head","148","thousands","3","v61976","1.2.2","1697.9","","","","1"
"1938","Canada","2016A000011124","Sheep, 1 year or older","At July 1","Head","148","thousands","3","v61976","1.2.2","1648.8","","","","1"
"1939","Canada","2016A000011124","Sheep, 1 year or older","At July 1","Head","148","thousands","3","v61976","1.2.2","1568.0","","","","1"
"1940","Canada","2016A000011124","Sheep, 1 year or older","At July 1","Head","148","thousands","3","v61976","1.2.2","1559.2","","","","1"
"1941","Canada","2016A000011124","Sheep, 1 year or older","At July 1","Head","148","thousands","3","v61976","1.2.2","1522.0","","","","1"
"1942","Canada","2016A000011124","Sheep, 1 year or older","At July 1","Head","148","thousands","3","v61976","1.2.2","1581.5","","","","1"
"1943","Canada","2016A000011124","Sheep, 1 year or older","At July 1","Head","148","thousands","3","v61976","1.2.2","1676.8","","","","1"
"1944","Canada","2016A000011124","Sheep, 1 year or older","At July 1","Head","148","thousands","3","v61976","1.2.2","1727.8","","","","1"
"1945","Canada","2016A000011124","Sheep, 1 year or older","At July 1","Head","148","thousands","3","v61976","1.2.2","1627.8","","","","1"
"1946","Canada","2016A000011124","Sheep, 1 year or older","At July 1","Head","148","thousands","3","v61976","1.2.2","1473.0","","","","1"
"1947","Canada","2016A000011124","Sheep, 1 year or older","At July 1","Head","148","thousands","3","v61976","1.2.2","1309.8","","","","1"
"1948","Canada","2016A000011124","Sheep, 1 year or older","At July 1","Head","148","thousands","3","v61976","1.2.2","1090.0","","","","1"
"1949","Canada","2016A000011124","Sheep, 1 year or older","At July 1","Head","148","thousands","3","v61976","1.2.2","936.8","","","","1"
"1950","Canada","2016A000011124","Sheep, 1 year or older","At July 1","Head","148","thousands","3","v61976","1.2.2","816.4","","","","1"
"1951","Canada","2016A000011124","Sheep, 1 year or older","At July 1","Head","148","thousands","3","v61976","1.2.2","758.2","","","","1"
"1952","Canada","2016A000011124","Sheep, 1 year or older","At July 1","Head","148","thousands","3","v61976","1.2.2","804.2","","","","1"
"1953","Canada","2016A000011124","Sheep, 1 year or older","At July 1","Head","148","thousands","3","v61976","1.2.2","828.5","","","","1"
"1954","Canada","2016A000011124","Sheep, 1 year or older","At July 1","Head","148","thousands","3","v61976","1.2.2","845.0","","","","1"
"1955","Canada","2016A000011124","Sheep, 1 year or older","At July 1","Head","148","thousands","3","v61976","1.2.2","850.9","","","","1"
"1956","Canada","2016A000011124","Sheep, 1 year or older","At July 1","Head","148","thousands","3","v61976","1.2.2","840.2","","","","1"
"1957","Canada","2016A000011124","Sheep, 1 year or older","At July 1","Head","148","thousands","3","v61976","1.2.2","826.5","","","","1"
"1958","Canada","2016A000011124","Sheep, 1 year or older","At July 1","Head","148","thousands","3","v61976","1.2.2","828.0","","","","1"
"1959","Canada","2016A000011124","Sheep, 1 year or older","At July 1","Head","148","thousands","3","v61976","1.2.2","824.0","","","","1"
"1960","Canada","2016A000011124","Sheep, 1 year or older","At July 1","Head","148","thousands","3","v61976","1.2.2","824.0","","","","1"
"1961","Canada","2016A000011124","Sheep, 1 year or older","At July 1","Head","148","thousands","3","v61976","1.2.2","782.7","","","","1"
"1962","Canada","2016A000011124","Sheep, 1 year or older","At July 1","Head","148","thousands","3","v61976","1.2.2","728.0","","","","1"
"1963","Canada","2016A000011124","Sheep, 1 year or older","At July 1","Head","148","thousands","3","v61976","1.2.2","676.0","","","","1"
"1964","Canada","2016A000011124","Sheep, 1 year or older","At July 1","Head","148","thousands","3","v61976","1.2.2","640.4","","","","1"
"1965","Canada","2016A000011124","Sheep, 1 year or older","At July 1","Head","148","thousands","3","v61976","1.2.2","574.0","","","","1"
"1966","Canada","2016A000011124","Sheep, 1 year or older","At July 1","Head","148","thousands","3","v61976","1.2.2","509.0","","","","1"
"1967","Canada","2016A000011124","Sheep, 1 year or older","At July 1","Head","148","thousands","3","v61976","1.2.2","474.5","","","","1"
"1968","Canada","2016A000011124","Sheep, 1 year or older","At July 1","Head","148","thousands","3","v61976","1.2.2","437.2","","","","1"
"1969","Canada","2016A000011124","Sheep, 1 year or older","At July 1","Head","148","thousands","3","v61976","1.2.2","422.3","","","","1"
"1970","Canada","2016A000011124","Sheep, 1 year or older","At July 1","Head","148","thousands","3","v61976","1.2.2","423.6","","","","1"
"1971","Canada","2016A000011124","Sheep, 1 year or older","At July 1","Head","148","thousands","3","v61976","1.2.2","455.0","","","","1"
"1972","Canada","2016A000011124","Sheep, 1 year or older","At July 1","Head","148","thousands","3","v61976","1.2.2","441.9","","","","1"
"1973","Canada","2016A000011124","Sheep, 1 year or older","At July 1","Head","148","thousands","3","v61976","1.2.2","414.1","","","","1"
"1974","Canada","2016A000011124","Sheep, 1 year or older","At July 1","Head","148","thousands","3","v61976","1.2.2","385.1","","","","1"
"1975","Canada","2016A000011124","Sheep, 1 year or older","At July 1","Head","148","thousands","3","v61976","1.2.2","343.9","","","","1"
"1976","Canada","2016A000011124","Sheep, 1 year or older","At July 1","Head","148","thousands","3","v61976","1.2.2","310.7","","","","1"
"1977","Canada","2016A000011124","Sheep, 1 year or older","At July 1","Head","148","thousands","3","v61976","1.2.2","300.8","","","","1"
"1978","Canada","2016A000011124","Sheep, 1 year or older","At July 1","Head","148","thousands","3","v61976","1.2.2","321.1","","","","1"
"1979","Canada","2016A000011124","Sheep, 1 year or older","At July 1","Head","148","thousands","3","v61976","1.2.2","346.9","","","","1"
"1980","Canada","2016A000011124","Sheep, 1 year or older","At July 1","Head","148","thousands","3","v61976","1.2.2","392.3","","","","1"
"1981","Canada","2016A000011124","Sheep, 1 year or older","At July 1","Head","148","thousands","3","v61976","1.2.2","436.5","","","","1"
"1982","Canada","2016A000011124","Sheep, 1 year or older","At July 1","Head","148","thousands","3","v61976","1.2.2","449.0","","","","1"
"1983","Canada","2016A000011124","Sheep, 1 year or older","At July 1","Head","148","thousands","3","v61976","1.2.2","441.8","","","","1"
"1984","Canada","2016A000011124","Sheep, 1 year or older","At July 1","Head","148","thousands","3","v61976","1.2.2","414.2","","","","1"
"1985","Canada","2016A000011124","Sheep, 1 year or older","At July 1","Head","148","thousands","3","v61976","1.2.2","388.1","","","","1"
"1986","Canada","2016A000011124","Sheep, 1 year or older","At July 1","Head","148","thousands","3","v61976","1.2.2","369.8","","","","1"
"1987","Canada","2016A000011124","Sheep, 1 year or older","At July 1","Head","148","thousands","3","v61976","1.2.2","384.2","","","","1"
"1988","Canada","2016A000011124","Sheep, 1 year or older","At July 1","Head","148","thousands","3","v61976","1.2.2","405.9","","","","1"
"1989","Canada","2016A000011124","Sheep, 1 year or older","At July 1","Head","148","thousands","3","v61976","1.2.2","437.0","","","","1"
"1990","Canada","2016A000011124","Sheep, 1 year or older","At July 1","Head","148","thousands","3","v61976","1.2.2","456.0","","","","1"
"1991","Canada","2016A000011124","Sheep, 1 year or older","At July 1","Head","148","thousands","3","v61976","1.2.2","478.5","","","","1"
"1992","Canada","2016A000011124","Sheep, 1 year or older","At July 1","Head","148","thousands","3","v61976","1.2.2","477.2","","","","1"
"1993","Canada","2016A000011124","Sheep, 1 year or older","At July 1","Head","148","thousands","3","v61976","1.2.2","472.1","","","","1"
"1994","Canada","2016A000011124","Sheep, 1 year or older","At July 1","Head","148","thousands","3","v61976","1.2.2","432.2","","","","1"
"1995","Canada","2016A000011124","Sheep, 1 year or older","At July 1","Head","148","thousands","3","v61976","1.2.2","459.4","","","","1"
"1996","Canada","2016A000011124","Sheep, 1 year or older","At July 1","Head","148","thousands","3","v61976","1.2.2","456.2","","","","1"
"1997","Canada","2016A000011124","Sheep, 1 year or older","At July 1","Head","148","thousands","3","v61976","1.2.2","442.6","","","","1"
"1998","Canada","2016A000011124","Sheep, 1 year or older","At July 1","Head","148","thousands","3","v61976","1.2.2","483.5","","","","1"
"1999","Canada","2016A000011124","Sheep, 1 year or older","At July 1","Head","148","thousands","3","v61976","1.2.2","530.1","","","","1"
"2000","Canada","2016A000011124","Sheep, 1 year or older","At July 1","Head","148","thousands","3","v61976","1.2.2","585.4","","","","1"
"2001","Canada","2016A000011124","Sheep, 1 year or older","At July 1","Head","148","thousands","3","v61976","1.2.2","651.3","","","","1"
"2002","Canada","2016A000011124","Sheep, 1 year or older","At July 1","Head","148","thousands","3","v61976","1.2.2","667.4","","","","1"
"2003","Canada","2016A000011124","Sheep, 1 year or older","At July 1","Head","148","thousands","3","v61976","1.2.2","670.8","","","","1"
"2004","Canada","2016A000011124","Sheep, 1 year or older","At July 1","Head","148","thousands","3","v61976","1.2.2","634.5","","","","1"
"2005","Canada","2016A000011124","Sheep, 1 year or older","At July 1","Head","148","thousands","3","v61976","1.2.2","630.1","","","","1"
"2006","Canada","2016A000011124","Sheep, 1 year or older","At July 1","Head","148","thousands","3","v61976","1.2.2","615.4","","","","1"
"2007","Canada","2016A000011124","Sheep, 1 year or older","At July 1","Head","148","thousands","3","v61976","1.2.2","591.8","","","","1"
"2008","Canada","2016A000011124","Sheep, 1 year or older","At July 1","Head","148","thousands","3","v61976","1.2.2","586.6","","","","1"
"2009","Canada","2016A000011124","Sheep, 1 year or older","At July 1","Head","148","thousands","3","v61976","1.2.2","596.4","","","","1"
"2010","Canada","2016A000011124","Sheep, 1 year or older","At July 1","Head","148","thousands","3","v61976","1.2.2","592.4","","","","1"
"2011","Canada","2016A000011124","Sheep, 1 year or older","At July 1","Head","148","thousands","3","v61976","1.2.2","605.3","","","","1"
"2012","Canada","2016A000011124","Sheep, 1 year or older","At July 1","Head","148","thousands","3","v61976","1.2.2","596.4","","","","1"
"2013","Canada","2016A000011124","Sheep, 1 year or older","At July 1","Head","148","thousands","3","v61976","1.2.2","583.0","","","","1"
"2014","Canada","2016A000011124","Sheep, 1 year or older","At July 1","Head","148","thousands","3","v61976","1.2.2","570.5","","","","1"
"2015","Canada","2016A000011124","Sheep, 1 year or older","At July 1","Head","148","thousands","3","v61976","1.2.2","558.3","","","","1"
"2016","Canada","2016A000011124","Sheep, 1 year or older","At July 1","Head","148","thousands","3","v61976","1.2.2","550.5","","","","1"
"2017","Canada","2016A000011124","Sheep, 1 year or older","At July 1","Head","148","thousands","3","v61976","1.2.2","543.6","","","","1"
"2018","Canada","2016A000011124","Sheep, 1 year or older","At July 1","Head","148","thousands","3","v61976","1.2.2","540.0","","","","1"
"2019","Canada","2016A000011124","Sheep, 1 year or older","At July 1","Head","148","thousands","3","v61976","1.2.2","542.2","","","","1"
"2020","Canada","2016A000011124","Sheep, 1 year or older","At July 1","Head","148","thousands","3","v61976","1.2.2","543.0","","","","1"
"2021","Canada","2016A000011124","Sheep, 1 year or older","At July 1","Head","148","thousands","3","v61976","1.2.2","547.2","","","","1"
"2022","Canada","2016A000011124","Sheep, 1 year or older","At July 1","Head","148","thousands","3","v61976","1.2.2","549.1","","","","1"
"2023","Canada","2016A000011124","Sheep, 1 year or older","At July 1","Head","148","thousands","3","v61976","1.2.2","536.7","","","","1"
"1940","Canada","2016A000011124","Lambs, under 1 year","At January 1","Head","148","thousands","3","v62056","1.5.1","464.5","","","","1"
"1941","Canada","2016A000011124","Lambs, under 1 year","At January 1","Head","148","thousands","3","v62056","1.5.1","484.3","","","","1"
"1942","Canada","2016A000011124","Lambs, under 1 year","At January 1","Head","148","thousands","3","v62056","1.5.1","537.5","","","","1"
"1943","Canada","2016A000011124","Lambs, under 1 year","At January 1","Head","148","thousands","3","v62056","1.5.1","577.2","","","","1"
"1944","Canada","2016A000011124","Lambs, under 1 year","At January 1","Head","148","thousands","3","v62056","1.5.1","564.9","","","","1"
"1945","Canada","2016A000011124","Lambs, under 1 year","At January 1","Head","148","thousands","3","v62056","1.5.1","472.6","","","","1"
"1946","Canada","2016A000011124","Lambs, under 1 year","At January 1","Head","148","thousands","3","v62056","1.5.1","452.1","","","","1"
"1947","Canada","2016A000011124","Lambs, under 1 year","At January 1","Head","148","thousands","3","v62056","1.5.1","357.1","","","","1"
"1948","Canada","2016A000011124","Lambs, under 1 year","At January 1","Head","148","thousands","3","v62056","1.5.1","266.3","","","","1"
"1949","Canada","2016A000011124","Lambs, under 1 year","At January 1","Head","148","thousands","3","v62056","1.5.1","274.1","","","","1"
"1950","Canada","2016A000011124","Lambs, under 1 year","At January 1","Head","148","thousands","3","v62056","1.5.1","232.7","","","","1"
"1951","Canada","2016A000011124","Lambs, under 1 year","At January 1","Head","148","thousands","3","v62056","1.5.1","301.8","","","","1"
"1952","Canada","2016A000011124","Lambs, under 1 year","At January 1","Head","148","thousands","3","v62056","1.5.1","300.3","","","","1"
"1953","Canada","2016A000011124","Lambs, under 1 year","At January 1","Head","148","thousands","3","v62056","1.5.1","281.5","","","","1"
"1954","Canada","2016A000011124","Lambs, under 1 year","At January 1","Head","148","thousands","3","v62056","1.5.1","311.0","","","","1"
"1955","Canada","2016A000011124","Lambs, under 1 year","At January 1","Head","148","thousands","3","v62056","1.5.1","304.5","","","","1"
"1956","Canada","2016A000011124","Lambs, under 1 year","At January 1","Head","148","thousands","3","v62056","1.5.1","275.0","","","","1"
"1957","Canada","2016A000011124","Lambs, under 1 year","At January 1","Head","148","thousands","3","v62056","1.5.1","304.3","","","","1"
"1958","Canada","2016A000011124","Lambs, under 1 year","At January 1","Head","148","thousands","3","v62056","1.5.1","297.1","","","","1"
"1959","Canada","2016A000011124","Lambs, under 1 year","At January 1","Head","148","thousands","3","v62056","1.5.1","281.9","","","","1"
"1960","Canada","2016A000011124","Lambs, under 1 year","At January 1","Head","148","thousands","3","v62056","1.5.1","294.6","","","","1"
"1961","Canada","2016A000011124","Lambs, under 1 year","At January 1","Head","148","thousands","3","v62056","1.5.1","258.0","","","","1"
"1962","Canada","2016A000011124","Lambs, under 1 year","At January 1","Head","148","thousands","3","v62056","1.5.1","253.6","","","","1"
"1963","Canada","2016A000011124","Lambs, under 1 year","At January 1","Head","148","thousands","3","v62056","1.5.1","240.0","","","","1"
"1964","Canada","2016A000011124","Lambs, under 1 year","At January 1","Head","148","thousands","3","v62056","1.5.1","228.5","","","","1"
"1965","Canada","2016A000011124","Lambs, under 1 year","At January 1","Head","148","thousands","3","v62056","1.5.1","228.7","","","","1"
"1966","Canada","2016A000011124","Lambs, under 1 year","At January 1","Head","148","thousands","3","v62056","1.5.1","210.2","","","","1"
"1967","Canada","2016A000011124","Lambs, under 1 year","At January 1","Head","148","thousands","3","v62056","1.5.1","187.5","","","","1"
"1968","Canada","2016A000011124","Lambs, under 1 year","At January 1","Head","148","thousands","3","v62056","1.5.1","165.4","","","","1"
"1969","Canada","2016A000011124","Lambs, under 1 year","At January 1","Head","148","thousands","3","v62056","1.5.1","148.8","","","","1"
"1970","Canada","2016A000011124","Lambs, under 1 year","At January 1","Head","148","thousands","3","v62056","1.5.1","154.5","","","","1"
"1971","Canada","2016A000011124","Lambs, under 1 year","At January 1","Head","148","thousands","3","v62056","1.5.1","165.9","","","","1"
"1972","Canada","2016A000011124","Lambs, under 1 year","At January 1","Head","148","thousands","3","v62056","1.5.1","149.1","","","","1"
"1973","Canada","2016A000011124","Lambs, under 1 year","At January 1","Head","148","thousands","3","v62056","1.5.1","","x","","","1"
"1974","Canada","2016A000011124","Lambs, under 1 year","At January 1","Head","148","thousands","3","v62056","1.5.1","139.0","","","","1"
"1975","Canada","2016A000011124","Lambs, under 1 year","At January 1","Head","148","thousands","3","v62056","1.5.1","134.0","","","","1"
"1976","Canada","2016A000011124","Lambs, under 1 year","At January 1","Head","148","thousands","3","v62056","1.5.1","113.2","","","","1"
"1977","Canada","2016A000011124","Lambs, under 1 year","At January 1","Head","148","thousands","3","v62056","1.5.1","103.4","","","","1"
"1978","Canada","2016A000011124","Lambs, under 1 year","At January 1","Head","148","thousands","3","v62056","1.5.1","95.2","","","","1"
"1979","Canada","2016A000011124","Lambs, under 1 year","At January 1","Head","148","thousands","3","v62056","1.5.1","110.3","","","","1"
"1980","Canada","2016A000011124","Lambs, under 1 year","At January 1","Head","148","thousands","3","v62056","1.5.1","137.0","","","","1"
"1981","Canada","2016A000011124","Lambs, under 1 year","At January 1","Head","148","thousands","3","v62056","1.5.1","147.1","","","","1"
"1982","Canada","2016A000011124","Lambs, under 1 year","At January 1","Head","148","thousands","3","v62056","1.5.1","156.3","","","","1"
"1983","Canada","2016A000011124","Lambs, under 1 year","At January 1","Head","148","thousands","3","v62056","1.5.1","161.2","","","","1"
"1984","Canada","2016A000011124","Lambs, under 1 year","At January 1","Head","148","thousands","3","v62056","1.5.1","157.5","","","","1"
"1985","Canada","2016A000011124","Lambs, under 1 year","At January 1","Head","148","thousands","3","v62056","1.5.1","143.0","","","","1"
"1986","Canada","2016A000011124","Lambs, under 1 year","At January 1","Head","148","thousands","3","v62056","1.5.1","136.5","","","","1"
"1987","Canada","2016A000011124","Lambs, under 1 year","At January 1","Head","148","thousands","3","v62056","1.5.1","133.2","","","","1"
"1988","Canada","2016A000011124","Lambs, under 1 year","At January 1","Head","148","thousands","3","v62056","1.5.1","156.5","","","","1"
"1989","Canada","2016A000011124","Lambs, under 1 year","At January 1","Head","148","thousands","3","v62056","1.5.1","175.8","","","","1"
"1990","Canada","2016A000011124","Lambs, under 1 year","At January 1","Head","148","thousands","3","v62056","1.5.1","185.0","","","","1"
"1991","Canada","2016A000011124","Lambs, under 1 year","At January 1","Head","148","thousands","3","v62056","1.5.1","199.8","","","","1"
"1992","Canada","2016A000011124","Lambs, under 1 year","At January 1","Head","148","thousands","3","v62056","1.5.1","183.4","","","","1"
"1993","Canada","2016A000011124","Lambs, under 1 year","At January 1","Head","148","thousands","3","v62056","1.5.1","163.7","","","","1"
"1994","Canada","2016A000011124","Lambs, under 1 year","At January 1","Head","148","thousands","3","v62056","1.5.1","173.0","","","","1"
"1995","Canada","2016A000011124","Lambs, under 1 year","At January 1","Head","148","thousands","3","v62056","1.5.1","176.2","","","","1"
"1996","Canada","2016A000011124","Lambs, under 1 year","At January 1","Head","148","thousands","3","v62056","1.5.1","186.6","","","","1"
"1997","Canada","2016A000011124","Lambs, under 1 year","At January 1","Head","148","thousands","3","v62056","1.5.1","180.4","","","","1"
"1998","Canada","2016A000011124","Lambs, under 1 year","At January 1","Head","148","thousands","3","v62056","1.5.1","197.2","","","","1"
"1999","Canada","2016A000011124","Lambs, under 1 year","At January 1","Head","148","thousands","3","v62056","1.5.1","226.9","","","","1"
"2000","Canada","2016A000011124","Lambs, under 1 year","At January 1","Head","148","thousands","3","v62056","1.5.1","250.5","","","","1"
"2001","Canada","2016A000011124","Lambs, under 1 year","At January 1","Head","148","thousands","3","v62056","1.5.1","342.1","","","","1"
"2002","Canada","2016A000011124","Lambs, under 1 year","At January 1","Head","148","thousands","3","v62056","1.5.1","349.2","","","","1"
"2003","Canada","2016A000011124","Lambs, under 1 year","At January 1","Head","148","thousands","3","v62056","1.5.1","334.0","","","","1"
"2004","Canada","2016A000011124","Lambs, under 1 year","At January 1","Head","148","thousands","3","v62056","1.5.1","353.5","","","","1"
"2005","Canada","2016A000011124","Lambs, under 1 year","At January 1","Head","148","thousands","3","v62056","1.5.1","344.8","","","","1"
"2006","Canada","2016A000011124","Lambs, under 1 year","At January 1","Head","148","thousands","3","v62056","1.5.1","304.9","","","","1"
"2007","Canada","2016A000011124","Lambs, under 1 year","At January 1","Head","148","thousands","3","v62056","1.5.1","298.1","","","","1"
"2008","Canada","2016A000011124","Lambs, under 1 year","At January 1","Head","148","thousands","3","v62056","1.5.1","278.8","","","","1"
"2009","Canada","2016A000011124","Lambs, under 1 year","At January 1","Head","148","thousands","3","v62056","1.5.1","277.5","","","","1"
"2010","Canada","2016A000011124","Lambs, under 1 year","At January 1","Head","148","thousands","3","v62056","1.5.1","288.9","","","","1"
"2011","Canada","2016A000011124","Lambs, under 1 year","At January 1","Head","148","thousands","3","v62056","1.5.1","296.4","","","","1"
"2012","Canada","2016A000011124","Lambs, under 1 year","At January 1","Head","148","thousands","3","v62056","1.5.1","303.5","","","","1"
"2013","Canada","2016A000011124","Lambs, under 1 year","At January 1","Head","148","thousands","3","v62056","1.5.1","316.5","","","","1"
"2014","Canada","2016A000011124","Lambs, under 1 year","At January 1","Head","148","thousands","3","v62056","1.5.1","295.6","","","","1"
"2015","Canada","2016A000011124","Lambs, under 1 year","At January 1","Head","148","thousands","3","v62056","1.5.1","275.0","","","","1"
"2016","Canada","2016A000011124","Lambs, under 1 year","At January 1","Head","148","thousands","3","v62056","1.5.1","273.8","","","","1"
"2017","Canada","2016A000011124","Lambs, under 1 year","At January 1","Head","148","thousands","3","v62056","1.5.1","278.8","","","","1"
"2018","Canada","2016A000011124","Lambs, under 1 year","At January 1","Head","148","thousands","3","v62056","1.5.1","292.9","","","","1"
"2019","Canada","2016A000011124","Lambs, under 1 year","At January 1","Head","148","thousands","3","v62056","1.5.1","295.1","","","","1"
"2020","Canada","2016A000011124","Lambs, under 1 year","At January 1","Head","148","thousands","3","v62056","1.5.1","284.9","","","","1"
"2021","Canada","2016A000011124","Lambs, under 1 year","At January 1","Head","148","thousands","3","v62056","1.5.1","289.1","","","","1"
"2022","Canada","2016A000011124","Lambs, under 1 year","At January 1","Head","148","thousands","3","v62056","1.5.1","298.8","","","","1"
"2023","Canada","2016A000011124","Lambs, under 1 year","At January 1","Head","148","thousands","3","v62056","1.5.1","325.7","","","","1"
"1906","Canada","2016A000011124","Lambs, under 1 year","At July 1","Head","148","thousands","3","v61979","1.5.2","1149.5","","","","1"
"1907","Canada","2016A000011124","Lambs, under 1 year","At July 1","Head","148","thousands","3","v61979","1.5.2","1060.7","","","","1"
"1908","Canada","2016A000011124","Lambs, under 1 year","At July 1","Head","148","thousands","3","v61979","1.5.2","1075.5","","","","1"
"1909","Canada","2016A000011124","Lambs, under 1 year","At July 1","Head","148","thousands","3","v61979","1.5.2","1051.7","","","","1"
"1910","Canada","2016A000011124","Lambs, under 1 year","At July 1","Head","148","thousands","3","v61979","1.5.2","1015.0","","","","1"
"1911","Canada","2016A000011124","Lambs, under 1 year","At July 1","Head","148","thousands","3","v61979","1.5.2","984.0","","","","1"
"1912","Canada","2016A000011124","Lambs, under 1 year","At July 1","Head","148","thousands","3","v61979","1.5.2","982.6","","","","1"
"1913","Canada","2016A000011124","Lambs, under 1 year","At July 1","Head","148","thousands","3","v61979","1.5.2","1051.7","","","","1"
"1914","Canada","2016A000011124","Lambs, under 1 year","At July 1","Head","148","thousands","3","v61979","1.5.2","1038.4","","","","1"
"1915","Canada","2016A000011124","Lambs, under 1 year","At July 1","Head","148","thousands","3","v61979","1.5.2","1058.2","","","","1"
"1916","Canada","2016A000011124","Lambs, under 1 year","At July 1","Head","148","thousands","3","v61979","1.5.2","1047.7","","","","1"
"1917","Canada","2016A000011124","Lambs, under 1 year","At July 1","Head","148","thousands","3","v61979","1.5.2","1088.9","","","","1"
"1918","Canada","2016A000011124","Lambs, under 1 year","At July 1","Head","148","thousands","3","v61979","1.5.2","1185.6","","","","1"
"1919","Canada","2016A000011124","Lambs, under 1 year","At July 1","Head","148","thousands","3","v61979","1.5.2","1326.5","","","","1"
"1920","Canada","2016A000011124","Lambs, under 1 year","At July 1","Head","148","thousands","3","v61979","1.5.2","1410.7","","","","1"
"1921","Canada","2016A000011124","Lambs, under 1 year","At July 1","Head","148","thousands","3","v61979","1.5.2","1424.1","","","","1"
"1922","Canada","2016A000011124","Lambs, under 1 year","At July 1","Head","148","thousands","3","v61979","1.5.2","1358.9","","","","1"
"1923","Canada","2016A000011124","Lambs, under 1 year","At July 1","Head","148","thousands","3","v61979","1.5.2","1172.7","","","","1"
"1924","Canada","2016A000011124","Lambs, under 1 year","At July 1","Head","148","thousands","3","v61979","1.5.2","1142.0","","","","1"
"1925","Canada","2016A000011124","Lambs, under 1 year","At July 1","Head","148","thousands","3","v61979","1.5.2","1177.1","","","","1"
"1926","Canada","2016A000011124","Lambs, under 1 year","At July 1","Head","148","thousands","3","v61979","1.5.2","1266.3","","","","1"
"1927","Canada","2016A000011124","Lambs, under 1 year","At July 1","Head","148","thousands","3","v61979","1.5.2","1317.4","","","","1"
"1928","Canada","2016A000011124","Lambs, under 1 year","At July 1","Head","148","thousands","3","v61979","1.5.2","1370.2","","","","1"
"1929","Canada","2016A000011124","Lambs, under 1 year","At July 1","Head","148","thousands","3","v61979","1.5.2","1518.7","","","","1"
"1930","Canada","2016A000011124","Lambs, under 1 year","At July 1","Head","148","thousands","3","v61979","1.5.2","1553.6","","","","1"
"1931","Canada","2016A000011124","Lambs, under 1 year","At July 1","Head","148","thousands","3","v61979","1.5.2","1695.3","","","","1"
"1932","Canada","2016A000011124","Lambs, under 1 year","At July 1","Head","148","thousands","3","v61979","1.5.2","1648.0","","","","1"
"1933","Canada","2016A000011124","Lambs, under 1 year","At July 1","Head","148","thousands","3","v61979","1.5.2","1474.4","","","","1"
"1934","Canada","2016A000011124","Lambs, under 1 year","At July 1","Head","148","thousands","3","v61979","1.5.2","1475.1","","","","1"
"1935","Canada","2016A000011124","Lambs, under 1 year","At July 1","Head","148","thousands","3","v61979","1.5.2","1459.8","","","","1"
"1936","Canada","2016A000011124","Lambs, under 1 year","At July 1","Head","148","thousands","3","v61979","1.5.2","1416.8","","","","1"
"1937","Canada","2016A000011124","Lambs, under 1 year","At July 1","Head","148","thousands","3","v61979","1.5.2","1373.3","","","","1"
"1938","Canada","2016A000011124","Lambs, under 1 year","At July 1","Head","148","thousands","3","v61979","1.5.2","1398.0","","","","1"
"1939","Canada","2016A000011124","Lambs, under 1 year","At July 1","Head","148","thousands","3","v61979","1.5.2","1343.4","","","","1"
"1940","Canada","2016A000011124","Lambs, under 1 year","At July 1","Head","148","thousands","3","v61979","1.5.2","1327.4","","","","1"
"1941","Canada","2016A000011124","Lambs, under 1 year","At July 1","Head","148","thousands","3","v61979","1.5.2","1317.8","","","","1"
"1942","Canada","2016A000011124","Lambs, under 1 year","At July 1","Head","148","thousands","3","v61979","1.5.2","1390.3","","","","1"
"1943","Canada","2016A000011124","Lambs, under 1 year","At July 1","Head","148","thousands","3","v61979","1.5.2","1430.3","","","","1"
"1944","Canada","2016A000011124","Lambs, under 1 year","At July 1","Head","148","thousands","3","v61979","1.5.2","1485.1","","","","1"
"1945","Canada","2016A000011124","Lambs, under 1 year","At July 1","Head","148","thousands","3","v61979","1.5.2","1404.4","","","","1"
"1946","Canada","2016A000011124","Lambs, under 1 year","At July 1","Head","148","thousands","3","v61979","1.5.2","1318.7","","","","1"
"1947","Canada","2016A000011124","Lambs, under 1 year","At July 1","Head","148","thousands","3","v61979","1.5.2","1155.0","","","","1"
"1948","Canada","2016A000011124","Lambs, under 1 year","At July 1","Head","148","thousands","3","v61979","1.5.2","959.9","","","","1"
"1949","Canada","2016A000011124","Lambs, under 1 year","At July 1","Head","148","thousands","3","v61979","1.5.2","836.1","","","","1"
"1950","Canada","2016A000011124","Lambs, under 1 year","At July 1","Head","148","thousands","3","v61979","1.5.2","762.2","","","","1"
"1951","Canada","2016A000011124","Lambs, under 1 year","At July 1","Head","148","thousands","3","v61979","1.5.2","703.0","","","","1"
"1952","Canada","2016A000011124","Lambs, under 1 year","At July 1","Head","148","thousands","3","v61979","1.5.2","729.8","","","","1"
"1953","Canada","2016A000011124","Lambs, under 1 year","At July 1","Head","148","thousands","3","v61979","1.5.2","764.0","","","","1"
"1954","Canada","2016A000011124","Lambs, under 1 year","At July 1","Head","148","thousands","3","v61979","1.5.2","790.6","","","","1"
"1955","Canada","2016A000011124","Lambs, under 1 year","At July 1","Head","148","thousands","3","v61979","1.5.2","783.1","","","","1"
"1956","Canada","2016A000011124","Lambs, under 1 year","At July 1","Head","148","thousands","3","v61979","1.5.2","779.5","","","","1"
"1957","Canada","2016A000011124","Lambs, under 1 year","At July 1","Head","148","thousands","3","v61979","1.5.2","802.0","","","","1"
"1958","Canada","2016A000011124","Lambs, under 1 year","At July 1","Head","148","thousands","3","v61979","1.5.2","801.5","","","","1"
"1959","Canada","2016A000011124","Lambs, under 1 year","At July 1","Head","148","thousands","3","v61979","1.5.2","784.5","","","","1"
"1960","Canada","2016A000011124","Lambs, under 1 year","At July 1","Head","148","thousands","3","v61979","1.5.2","783.0","","","","1"
"1961","Canada","2016A000011124","Lambs, under 1 year","At July 1","Head","148","thousands","3","v61979","1.5.2","765.6","","","","1"
"1962","Canada","2016A000011124","Lambs, under 1 year","At July 1","Head","148","thousands","3","v61979","1.5.2","721.0","","","","1"
"1963","Canada","2016A000011124","Lambs, under 1 year","At July 1","Head","148","thousands","3","v61979","1.5.2","670.0","","","","1"
"1964","Canada","2016A000011124","Lambs, under 1 year","At July 1","Head","148","thousands","3","v61979","1.5.2","631.6","","","","1"
"1965","Canada","2016A000011124","Lambs, under 1 year","At July 1","Head","148","thousands","3","v61979","1.5.2","558.0","","","","1"
"1966","Canada","2016A000011124","Lambs, under 1 year","At July 1","Head","148","thousands","3","v61979","1.5.2","496.5","","","","1"
"1967","Canada","2016A000011124","Lambs, under 1 year","At July 1","Head","148","thousands","3","v61979","1.5.2","447.5","","","","1"
"1968","Canada","2016A000011124","Lambs, under 1 year","At July 1","Head","148","thousands","3","v61979","1.5.2","392.0","","","","1"
"1969","Canada","2016A000011124","Lambs, under 1 year","At July 1","Head","148","thousands","3","v61979","1.5.2","373.7","","","","1"
"1970","Canada","2016A000011124","Lambs, under 1 year","At July 1","Head","148","thousands","3","v61979","1.5.2","372.4","","","","1"
"1971","Canada","2016A000011124","Lambs, under 1 year","At July 1","Head","148","thousands","3","v61979","1.5.2","396.3","","","","1"
"1972","Canada","2016A000011124","Lambs, under 1 year","At July 1","Head","148","thousands","3","v61979","1.5.2","384.9","","","","1"
"1973","Canada","2016A000011124","Lambs, under 1 year","At July 1","Head","148","thousands","3","v61979","1.5.2","364.7","","","","1"
"1974","Canada","2016A000011124","Lambs, under 1 year","At July 1","Head","148","thousands","3","v61979","1.5.2","344.7","","","","1"
"1975","Canada","2016A000011124","Lambs, under 1 year","At July 1","Head","148","thousands","3","v61979","1.5.2","305.7","","","","1"
"1976","Canada","2016A000011124","Lambs, under 1 year","At July 1","Head","148","thousands","3","v61979","1.5.2","266.5","","","","1"
"1977","Canada","2016A000011124","Lambs, under 1 year","At July 1","Head","148","thousands","3","v61979","1.5.2","257.8","","","","1"
"1978","Canada","2016A000011124","Lambs, under 1 year","At July 1","Head","148","thousands","3","v61979","1.5.2","266.1","","","","1"
"1979","Canada","2016A000011124","Lambs, under 1 year","At July 1","Head","148","thousands","3","v61979","1.5.2","301.8","","","","1"
"1980","Canada","2016A000011124","Lambs, under 1 year","At July 1","Head","148","thousands","3","v61979","1.5.2","341.5","","","","1"
"1981","Canada","2016A000011124","Lambs, under 1 year","At July 1","Head","148","thousands","3","v61979","1.5.2","366.7","","","","1"
"1982","Canada","2016A000011124","Lambs, under 1 year","At July 1","Head","148","thousands","3","v61979","1.5.2","362.9","","","","1"
"1983","Canada","2016A000011124","Lambs, under 1 year","At July 1","Head","148","thousands","3","v61979","1.5.2","361.1","","","","1"
"1984","Canada","2016A000011124","Lambs, under 1 year","At July 1","Head","148","thousands","3","v61979","1.5.2","354.6","","","","1"
"1985","Canada","2016A000011124","Lambs, under 1 year","At July 1","Head","148","thousands","3","v61979","1.5.2","332.2","","","","1"
"1986","Canada","2016A000011124","Lambs, under 1 year","At July 1","Head","148","thousands","3","v61979","1.5.2","325.1","","","","1"
"1987","Canada","2016A000011124","Lambs, under 1 year","At July 1","Head","148","thousands","3","v61979","1.5.2","347.1","","","","1"
"1988","Canada","2016A000011124","Lambs, under 1 year","At July 1","Head","148","thousands","3","v61979","1.5.2","383.0","","","","1"
"1989","Canada","2016A000011124","Lambs, under 1 year","At July 1","Head","148","thousands","3","v61979","1.5.2","390.5","","","","1"
"1990","Canada","2016A000011124","Lambs, under 1 year","At July 1","Head","148","thousands","3","v61979","1.5.2","418.4","","","","1"
"1991","Canada","2016A000011124","Lambs, under 1 year","At July 1","Head","148","thousands","3","v61979","1.5.2","439.3","","","","1"
"1992","Canada","2016A000011124","Lambs, under 1 year","At July 1","Head","148","thousands","3","v61979","1.5.2","419.9","","","","1"
"1993","Canada","2016A000011124","Lambs, under 1 year","At July 1","Head","148","thousands","3","v61979","1.5.2","410.9","","","","1"
"1994","Canada","2016A000011124","Lambs, under 1 year","At July 1","Head","148","thousands","3","v61979","1.5.2","393.4","","","","1"
"1995","Canada","2016A000011124","Lambs, under 1 year","At July 1","Head","148","thousands","3","v61979","1.5.2","398.2","","","","1"
"1996","Canada","2016A000011124","Lambs, under 1 year","At July 1","Head","148","thousands","3","v61979","1.5.2","390.5","","","","1"
"1997","Canada","2016A000011124","Lambs, under 1 year","At July 1","Head","148","thousands","3","v61979","1.5.2","378.9","","","","1"
"1998","Canada","2016A000011124","Lambs, under 1 year","At July 1","Head","148","thousands","3","v61979","1.5.2","408.5","","","","1"
"1999","Canada","2016A000011124","Lambs, under 1 year","At July 1","Head","148","thousands","3","v61979","1.5.2","448.9","","","","1"
"2000","Canada","2016A000011124","Lambs, under 1 year","At July 1","Head","148","thousands","3","v61979","1.5.2","519.9","","","","1"
"2001","Canada","2016A000011124","Lambs, under 1 year","At July 1","Head","148","thousands","3","v61979","1.5.2","596.4","","","","1"
"2002","Canada","2016A000011124","Lambs, under 1 year","At July 1","Head","148","thousands","3","v61979","1.5.2","584.7","","","","1"
"2003","Canada","2016A000011124","Lambs, under 1 year","At July 1","Head","148","thousands","3","v61979","1.5.2","576.4","","","","1"
"2004","Canada","2016A000011124","Lambs, under 1 year","At July 1","Head","148","thousands","3","v61979","1.5.2","606.0","","","","1"
"2005","Canada","2016A000011124","Lambs, under 1 year","At July 1","Head","148","thousands","3","v61979","1.5.2","560.4","","","","1"
"2006","Canada","2016A000011124","Lambs, under 1 year","At July 1","Head","148","thousands","3","v61979","1.5.2","535.8","","","","1"
"2007","Canada","2016A000011124","Lambs, under 1 year","At July 1","Head","148","thousands","3","v61979","1.5.2","518.1","","","","1"
"2008","Canada","2016A000011124","Lambs, under 1 year","At July 1","Head","148","thousands","3","v61979","1.5.2","504.2","","","","1"
"2009","Canada","2016A000011124","Lambs, under 1 year","At July 1","Head","148","thousands","3","v61979","1.5.2","508.0","","","","1"
"2010","Canada","2016A000011124","Lambs, under 1 year","At July 1","Head","148","thousands","3","v61979","1.5.2","512.3","","","","1"
"2011","Canada","2016A000011124","Lambs, under 1 year","At July 1","Head","148","thousands","3","v61979","1.5.2","532.7","","","","1"
"2012","Canada","2016A000011124","Lambs, under 1 year","At July 1","Head","148","thousands","3","v61979","1.5.2","534.8","","","","1"
"2013","Canada","2016A000011124","Lambs, under 1 year","At July 1","Head","148","thousands","3","v61979","1.5.2","532.6","","","","1"
"2014","Canada","2016A000011124","Lambs, under 1 year","At July 1","Head","148","thousands","3","v61979","1.5.2","502.5","","","","1"
"2015","Canada","2016A000011124","Lambs, under 1 year","At July 1","Head","148","thousands","3","v61979","1.5.2","495.4","","","","1"
"2016","Canada","2016A000011124","Lambs, under 1 year","At July 1","Head","148","thousands","3","v61979","1.5.2","501.6","","","","1"
"2017","Canada","2016A000011124","Lambs, under 1 year","At July 1","Head","148","thousands","3","v61979","1.5.2","504.4","","","","1"
"2018","Canada","2016A000011124","Lambs, under 1 year","At July 1","Head","148","thousands","3","v61979","1.5.2","520.4","","","","1"
"2019","Canada","2016A000011124","Lambs, under 1 year","At July 1","Head","148","thousands","3","v61979","1.5.2","507.9","","","","1"
"2020","Canada","2016A000011124","Lambs, under 1 year","At July 1","Head","148","thousands","3","v61979","1.5.2","500.1","","","","1"
"2021","Canada","2016A000011124","Lambs, under 1 year","At July 1","Head","148","thousands","3","v61979","1.5.2","505.1","","","","1"
"2022","Canada","2016A000011124","Lambs, under 1 year","At July 1","Head","148","thousands","3","v61979","1.5.2","521.9","","","","1"
"2023","Canada","2016A000011124","Lambs, under 1 year","At July 1","Head","148","thousands","3","v61979","1.5.2","517.8","","","","1"


